slug,maker,models,family,group,setting,depth,matched,gain_1k_db,thd_1k_pct,thd_100_pct,headroom_1pct_dbfs,headroom_3pct_dbfs,h2_80,h3_80,h2_minus_h3_80,h2_5k,tilt_db,imd_smpte_pct,imd_ccif_pct,noise_a_dbfs,noise_under_tone_dbfs,crest_change_12_db,crest_change_3_db,slew_index_3,lf_shelf_db,hf_shelf_db,wow_pct,flutter_pct,speed_error_pct
api_vision,UAD,API 1608 console channel,colour,console-api,line_gain_0,full,,9.094,0.020753863375636842,0.019533656056369846,,,-100.01199281906943,-76.91920812461619,-23.09,-93.55754452711366,-6.45,0.05268,0.02459,-200.0,-106.25,0.075,0.074,0.85598,-0.113,-0.08,,,
api_vision,UAD,API 1608 console channel,colour,console-api,line_gain_12,full,,21.08,0.005318990343599804,0.004976368975748655,-7.64,-6.95,-90.49006607651079,-82.97212869256833,-7.52,-87.54403558086173,-2.95,0.02169,0.03096,-200.0,-104.99,0.069,-1.55,0.38948,-0.099,-0.065,,,
api_vision,UAD,API 1608 console channel,colour,console-api,line_gain_3,curve,,12.086,0.01476944041103331,,1.3,2.02,-98.19833060558709,-81.57321128006234,-16.63,-92.44032953474003,-5.76,,,,,,,,-0.113,-0.072,,,
api_vision,UAD,API 1608 console channel,colour,console-api,line_gain_6,full,,15.083,0.010493374453951725,0.007972516579699152,-1.67,-0.96,-96.16989749553187,-88.33527919345053,-7.83,-91.06619722898802,-5.1,0.01937,0.02081,-200.0,-105.01,0.071,0.005,0.73087,-0.097,-0.068,,,
api_vision,UAD,API 1608 console channel,colour,console-api,line_gain_9,curve,,18.081,0.007457154927300637,,-4.65,-3.95,-93.5667804166681,-89.78892384713431,-3.78,-89.42932395446653,-4.14,,,,,,,,-0.093,-0.066,,,
aw_calibre,Airwindows,Calrec-ish console,colour,aw-console,drive_0,full,,-178.857,204.8307900840569,160.57717776088373,,,-0.5253175709850646,2.667124030217275,-3.19,-15.163732793764106,14.64,242.70026,45.72309,-150.41,-150.47,-31.467,-31.434,0.06538,-24.985,2.813,,,
aw_calibre,Airwindows,Calrec-ish console,colour,aw-console,drive_0.25,curve,,-9.545,0.014321063006262657,,-0.34,1.37,-100.64360700362624,-61.57406680248946,-39.07,-103.7765838055987,3.13,,,,,,,,-12.163,0.494,,,
aw_calibre,Airwindows,Calrec-ish console,colour,aw-console,drive_0.5,full,,-0.021,0.14646891229525416,0.2394333160976464,-9.8,-8.21,-89.31001508668717,-51.81228123608052,-37.5,-88.07039576856988,-1.24,0.01914,1.60943,-157.24,-57.68,-0.47,-1.996,0.33791,-12.071,0.457,,,
aw_calibre,Airwindows,Calrec-ish console,colour,aw-console,drive_0.75,curve,,4.796,14.453170820265045,,-16.9,-15.29,-89.539196801393,-44.8824877027362,-44.66,-105.26962763340302,15.73,,,,,,,,-9.695,-0.231,,,
aw_calibre,Airwindows,Calrec-ish console,colour,aw-console,drive_1,full,,4.376,34.82340586514016,1.2516179467079114,-21.85,-20.27,-94.87912922625827,-39.448731434544264,-55.43,-88.80836235784056,-6.07,2.927,30.31326,-145.16,-52.45,-3.005,-6.713,0.11513,-4.088,-0.518,,,
aw_calibre,Airwindows,Calrec-ish console,colour,aw-console,matched_thd_0.1_pct,full,thd_0.1_pct,8.064,0.0980107566020121,0.22920063717331268,-9.56,-7.92,-122.59125777238097,-52.05872340824345,-70.53,-94.18636372669042,-28.4,0.01926,1.37346,-149.17,-63.11,-0.564,-2.069,0.33693,-12.077,0.34,,,
aw_calibre,Airwindows,Calrec-ish console,colour,aw-console,matched_thd_1_pct,full,thd_1_pct,10.156,0.9779339466383083,0.29436802173530596,-11.96,-10.08,-141.55462098719326,-49.88467694375178,-91.67,-83.39148736704041,-58.16,0.01935,4.55036,-147.04,-61.0,-0.185,-1.963,0.29414,-11.935,0.303,,,
aw_calibre,Airwindows,Calrec-ish console,colour,aw-console,matched_thd_3_pct,full,thd_3_pct,11.604,2.9575382224097373,0.3584622696349732,-13.46,-11.97,-124.00203528316437,-48.18043287209811,-75.82,-83.3530161689443,-40.65,0.0195,9.82556,-145.24,-59.49,-0.276,-3.201,0.26313,-11.621,0.203,,,
aw_chromeoxide,Airwindows,cassette tape,tape,aw-tape,intense_0,full,,0.012,0.4565530656938457,0.0005588720955937915,,,-130.64401012818539,-111.65328583795286,-18.99,-74.87130041563255,-55.77,0.22881,1.21878,-157.65,-61.52,-0.214,-0.253,0.38028,0.147,-3.468,3e-05,0.00396,-0.0
aw_chromeoxide,Airwindows,cassette tape,tape,aw-tape,intense_0.25,curve,,0.008,0.5878398235732424,,,,-132.7102320689355,-108.73304160193975,-23.98,-81.40022402395361,-51.31,,,,,,,,0.153,-3.548,,,
aw_chromeoxide,Airwindows,cassette tape,tape,aw-tape,intense_0.5,full,,-0.003,1.4288703366476598,0.004090842405401621,-16.8,,-124.47186850249204,-93.67472301373621,-30.8,-76.33471405255455,-48.14,0.22395,1.32951,-157.2,-58.15,-0.288,-0.298,0.34304,0.161,-4.009,5e-05,0.0046,0.0
aw_chromeoxide,Airwindows,cassette tape,tape,aw-tape,intense_0.75,curve,,-0.047,1.8913894836603717,,-28.84,-22.25,-121.92589052683914,-70.19197677869579,-51.73,-71.84084849506688,-50.09,,,,,,,,0.203,-5.253,,,
aw_chromeoxide,Airwindows,cassette tape,tape,aw-tape,intense_1,full,,-0.132,1.907417905334951,0.8931669409130005,-41.36,-36.4,-113.94625949231954,-44.893295080262796,-69.05,-72.33340967238992,-41.61,0.29257,1.17819,-149.26,-54.62,-0.452,-0.199,0.17851,0.294,-6.656,4e-05,0.00458,0.0
aw_chromeoxide,Airwindows,cassette tape,tape,aw-tape,matched_thd_1_pct,full,thd_1_pct,0.004,1.000257559274694,0.0015348809919012289,-12.0,,-125.85908708163346,-102.37911019902185,-23.48,-71.48684868284333,-54.37,0.28674,1.29513,-157.64,-59.51,-0.169,-0.263,0.3569,0.144,-4.239,4e-05,0.00436,0.0
aw_cojones,Airwindows,midrange grit,colour,aw-drive,cojones_0,full,,0.31,1.2236337100389596,0.0007571875698467271,,,-191.81229320686484,-111.27957350502108,-80.53,-189.13972568904398,-2.67,1.22621,4.0991,-153.64,-81.49,-0.393,-0.396,0.20455,-0.159,-6.979,,,
aw_cojones,Airwindows,midrange grit,colour,aw-drive,cojones_0.25,curve,,0.138,0.6240417704083232,,,,-196.71415413532287,-117.2996851214816,-79.41,-196.5844013807748,-0.13,,,,,,,,0.02,-4.434,,,
aw_cojones,Airwindows,midrange grit,colour,aw-drive,cojones_0.5,full,,-0.002,7.209356753064186e-08,9.664982290686706e-08,,,-192.02745310895213,-191.05578183075528,-0.97,-193.12650151423816,1.1,0.0,0.0,-157.06,-161.59,0.0,0.0,1.0,0.159,-0.025,,,
aw_cojones,Airwindows,midrange grit,colour,aw-drive,cojones_0.75,curve,,-0.107,0.6418735080278738,,,,-197.93701479624798,-117.29659424602401,-80.64,-198.1496994434022,0.21,,,,,,,,0.264,3.286,,,
aw_cojones,Airwindows,midrange grit,colour,aw-drive,cojones_1,full,,-0.174,1.2936586576873395,0.0007576548105900847,,,-198.71134429943865,-111.27597188206278,-87.44,-188.40559992199277,-10.31,0.8939,0.69993,-153.67,-81.49,-0.921,-0.912,0.33999,0.331,5.772,,,
aw_cojones,Airwindows,midrange grit,colour,aw-drive,matched_thd_0.1_pct,full,thd_0.1_pct,-0.019,0.09929853527963808,5.920376067115262e-05,,,-199.86824949713449,-133.41629213421382,-66.45,-188.17554449488813,-11.69,0.1073,0.08947,-157.03,-103.63,0.101,0.101,0.89567,0.178,0.562,,,
aw_cojones,Airwindows,midrange grit,colour,aw-drive,matched_thd_1_pct,full,thd_1_pct,-0.146,0.9976419466273313,0.0005860443631722587,,,-200.0,-113.50788100433051,-86.49,-188.65650953844138,-11.34,0.7724,0.59868,-154.77,-83.71,-0.183,-0.183,0.39726,0.305,4.726,,,
aw_console7channel,Airwindows,Console7 channel encode,colour,aw-console,mid,full,,-0.015,0.0691972085342679,0.0691548349635885,-4.06,-1.37,-192.3642726242506,-63.213355952812414,-129.15,-188.03869001385752,-4.33,0.18505,0.17471,-156.67,-161.82,0.538,0.34,0.20036,0.157,0.534,,,
aw_console9channel,Airwindows,Console9 channel,colour,aw-console,mid,full,,-0.353,0.8870253972105673,0.887025372504715,-11.05,-2.8,-194.48994186005052,-41.13265000845092,-153.36,-200.0,5.51,2.48347,0.73743,-157.04,-125.15,-0.063,-0.212,0.87104,0.159,-0.027,,,
aw_consolelachannel,Airwindows,ConsoleLA channel,colour,aw-console,mid,full,,-0.015,0.06382236212899757,0.07599884847808223,-4.02,-1.36,-192.08974424722484,-62.301695393292974,-129.79,-190.55137365879187,-1.54,0.146,0.05505,-156.64,-162.1,0.037,-0.108,0.97066,-0.684,0.342,,,
aw_consolemcchannel,Airwindows,ConsoleMC channel,colour,aw-console,mid,full,,-0.07,0.2638490735652554,0.2275657158280296,-6.26,-1.63,-200.0,-55.1261890850101,-144.87,-189.25386307545847,-10.75,0.40094,0.14888,-157.74,-162.72,-0.655,-0.794,0.6508,-2.707,-1.343,,,
aw_consolemdchannel,Airwindows,ConsoleMD channel,colour,aw-console,mid,full,,-0.067,0.26403477993085156,0.18249798431122133,-6.27,-1.63,-193.4798056889415,-54.56702655243873,-138.91,-194.61378235343687,1.13,0.52287,0.14888,-157.83,-162.76,-0.605,-0.784,0.64988,-1.135,-1.351,,,
aw_density2,Airwindows,density saturation,colour,aw-drive,density_0,full,,-22.035,20.71756077753359,20.5544078013494,-59.03,-49.84,-141.35351514502054,-13.848832670809939,-127.5,-142.64774748724645,1.29,35.67447,5.22871,-181.1,-118.33,1.054,0.684,1.02629,0.237,4.488,,,
aw_density2,Airwindows,density saturation,colour,aw-drive,density_0.25,curve,,-8.984,0.22344253149305246,,-5.44,-0.52,-179.74192859126293,-53.008570954049816,-126.73,-180.1253183008008,0.38,,,,,,,,0.155,-0.242,,,
aw_density2,Airwindows,density saturation,colour,aw-drive,density_0.5,full,,-1.121,4.200445106235218,4.212864311132991,-18.58,-13.58,-154.00150939332855,-27.519007092255478,-126.48,-154.2144293085749,0.21,11.85747,2.49691,-157.57,-163.17,-0.416,-1.186,0.2859,0.138,-1.092,,,
aw_density2,Airwindows,density saturation,colour,aw-drive,density_0.75,curve,,4.012,37.968387033986765,,-39.21,-34.18,-141.47833242609536,-9.901401025767461,-131.58,-141.1568636373277,-0.32,,,,,,,,0.144,-0.642,,,
aw_density2,Airwindows,density saturation,colour,aw-drive,density_1,full,,4.059,41.18778849498852,41.49054000229415,,,-141.42076109935675,-9.529256488649755,-131.89,-141.06885295452014,-0.35,182.75429,31.19903,-105.02,-51.03,-3.791,-4.303,0.10033,0.357,-0.747,,,
aw_density2,Airwindows,density saturation,colour,aw-drive,matched_thd_1_pct,full,thd_1_pct,-1.568,0.9969435112408076,0.9992082972803443,-11.99,-7.06,-166.51277010470895,-40.008562521391504,-126.5,-166.58571942975783,0.07,2.64641,0.52797,-158.74,-162.88,-0.2,-0.433,0.5041,0.144,-0.741,,,
aw_desk4,Airwindows,desk colour,colour,aw-drive,matched_thd_1_pct,full,thd_1_pct,-3.743,0.9958905851964165,1.0179529813853174,-11.98,-7.07,-167.75778252831628,-39.869620836127936,-127.89,-79.54787878068144,-88.21,2.87914,19.40287,-157.07,-133.25,-13.016,-30.216,0.13507,0.199,-4.323,,,
aw_desk4,Airwindows,desk colour,colour,aw-drive,matched_thd_3_pct,full,thd_3_pct,-2.501,2.996213787562708,3.037269635957001,-16.74,-11.99,-154.32777459042214,-30.359101788861906,-123.97,-68.55055650715025,-85.78,8.43238,19.40159,-154.21,-132.35,-13.548,-31.098,0.13398,0.193,-4.228,,,
aw_desk4,Airwindows,desk colour,colour,aw-drive,overdrive_0,full,,-3.624,0.22396811249830786,0.23864289472992745,-5.52,-0.82,-80.9223199608371,-52.559000260664575,-28.36,-127.78778190947064,46.87,0.79396,19.38162,-151.04,-131.68,-12.807,-29.882,0.1355,0.2,-4.473,,,
aw_desk4,Airwindows,desk colour,colour,aw-drive,overdrive_0.25,curve,,-2.627,0.3233490718281973,,-7.02,-2.04,-164.543911692015,-49.474698392019825,-115.07,-97.371723800277,-67.17,,,,,,,,0.201,-4.349,,,
aw_desk4,Airwindows,desk colour,colour,aw-drive,overdrive_0.5,full,,-0.523,1.8563809571503715,1.8865132457159746,-14.7,-9.9,-164.78772981948154,-34.500077554712824,-130.29,-73.08713817813755,-91.7,5.24008,19.40246,-153.12,-130.04,-13.247,-30.591,0.13459,0.196,-4.237,,,
aw_desk4,Airwindows,desk colour,colour,aw-drive,overdrive_0.75,curve,,0.717,9.42583722706654,,-21.36,-16.69,-152.09015633439606,-20.419992650534276,-131.67,-58.43925732262469,-93.65,,,,,,,,0.178,-3.917,,,
aw_desk4,Airwindows,desk colour,colour,aw-drive,overdrive_1,full,,-0.229,24.713874085550753,24.827267226994916,-26.3,-21.65,-142.759923578493,-12.425490936737669,-130.33,-52.2391555331875,-90.52,100.77942,19.40617,-145.35,-93.04,-19.619,-35.597,0.12113,0.16,-2.364,,,
aw_drive,Airwindows,distortion,colour,aw-drive,drive_0,full,,-7.003,7.711390836881302e-08,6.909378871813847e-08,2.6,2.77,-194.98301508931235,-200.0,5.02,-193.4170291416549,-1.57,0.0,0.0,-164.01,-169.22,0.0,0.0,1.0,0.159,-0.025,,,
aw_drive,Airwindows,distortion,colour,aw-drive,drive_0.25,curve,,-5.09,0.0988795061902298,,-2.07,0.84,-181.98447613341773,-60.09787582637705,-121.89,-188.03099048230558,6.05,,,,,,,,0.159,-0.026,,,
aw_drive,Airwindows,distortion,colour,aw-drive,drive_0.5,full,,-0.31,1.2027847032253207,1.2027846860464462,-12.81,-7.96,-162.85089637477196,-38.396602755141636,-124.45,-162.83930114173305,-0.01,3.31426,0.90078,-157.07,-162.52,-0.094,-0.717,0.71121,0.159,-0.029,,,
aw_drive,Airwindows,distortion,colour,aw-drive,drive_0.75,curve,,6.046,9.129062099673753,,-22.37,-17.43,-146.53568366968736,-20.832372268671087,-125.7,-146.50542448868515,-0.03,,,,,,,,0.158,-0.038,,,
aw_drive,Airwindows,distortion,colour,aw-drive,drive_1,full,,8.494,34.097726912577365,34.097726924753005,-34.27,-29.31,-140.18638199458755,-10.460479638866254,-129.73,-140.14500571148952,-0.04,151.20889,26.75766,-136.59,-81.0,-2.345,-2.807,0.13369,0.154,0.076,,,
aw_drive,Airwindows,distortion,colour,aw-drive,matched_thd_0.1_pct,full,thd_0.1_pct,-4.108,0.09887949905013266,0.0988795364530828,-2.07,0.84,-180.8517466327711,-60.09787009385313,-120.75,-192.95449341150032,12.1,0.26873,0.0741,-161.12,-164.0,-0.008,-0.063,0.96919,0.159,-0.026,,,
aw_drive,Airwindows,distortion,colour,aw-drive,matched_thd_1_pct,full,thd_1_pct,0.284,1.0029621823910575,1.0029622189210303,-12.01,-7.17,-165.05397601058155,-39.9745488884727,-125.08,-164.25384520329965,-0.8,2.75668,0.75122,-156.5,-160.64,-0.078,-0.617,0.74629,0.159,-0.029,,,
aw_drive,Airwindows,distortion,colour,aw-drive,matched_thd_3_pct,full,thd_3_pct,3.858,3.0056339891313755,3.0056340066425564,-16.93,-12.01,-155.27587250428869,-30.444900610288844,-124.83,-155.36847599972583,0.09,8.48793,2.2569,-152.38,-157.16,-0.236,-1.404,0.50795,0.159,-0.034,,,
aw_dubly2,Airwindows,companding noise reduction,tape,aw-tape,matched_thd_3_pct,full,thd_3_pct,2.982,2.279570873009459,2.411265694978381,-50.75,-33.58,-190.836367185227,-32.30360653181502,-158.53,-195.5555372699863,4.72,8.77841,3.04693,-143.3,-157.59,-0.291,-1.692,0.44593,0.048,-0.164,0.0,0.0,-0.0
aw_dubly2,Airwindows,companding noise reduction,tape,aw-tape,tapedrv_0,full,,-5.959,2.1382161395627244,0.22951553841366054,-45.68,-29.46,-199.26191687771689,-52.29148130530473,-146.97,-191.444434797217,-7.82,0.98612,5.61476,-152.76,-166.61,-0.699,-0.511,0.82785,0.035,-1.706,0.0,0.0,-0.0
aw_dubly2,Airwindows,companding noise reduction,tape,aw-tape,tapedrv_0.25,curve,,-2.544,1.7607901253886555,,-47.31,-30.93,-185.2739976025953,-44.86061658284521,-140.41,-186.07388060080206,0.8,,,,,,,,0.034,-0.877,,,
aw_dubly2,Airwindows,companding noise reduction,tape,aw-tape,tapedrv_0.5,full,,-0.167,1.5832105447664315,1.0270222760668344,-48.66,-31.9,-194.3575132887433,-39.6280801126657,-154.73,-200.0,5.64,3.94415,0.44763,-146.77,-162.13,-0.28,-1.032,0.66133,0.034,-0.476,0.0,0.0,-0.0
aw_dubly2,Airwindows,companding noise reduction,tape,aw-tape,tapedrv_0.75,curve,,1.61,1.7403987251452886,,-49.76,-32.75,-194.30028331786355,-35.58956123596055,-158.71,-193.1875481938833,-1.11,,,,,,,,0.038,-0.266,,,
aw_dubly2,Airwindows,companding noise reduction,tape,aw-tape,tapedrv_1,full,,2.991,2.2851839382492374,2.4179029511082204,-50.75,-33.59,-195.36111022701328,-32.279909914150174,-163.08,-196.4712817375957,1.11,8.80156,3.05851,-143.26,-157.78,-0.291,-1.693,0.44536,0.048,-0.164,0.0,0.0,-0.0
aw_focus,Airwindows,focused saturation,colour,aw-drive,boost_0,full,,-5.555,0.2970930469425467,0.13088708701993068,-6.84,-2.42,-192.41134969144554,-59.15409381533442,-133.26,-192.11505426789495,-0.3,0.77143,0.01783,-162.37,-166.18,-0.818,-0.806,0.45464,5.572,0.244,,,
aw_focus,Airwindows,focused saturation,colour,aw-drive,boost_0.25,curve,,-2.946,0.502433238604719,,-9.05,-4.45,-200.0,-62.49575518160264,-137.5,-191.66348671055803,-8.34,,,,,,,,3.013,0.078,,,
aw_focus,Airwindows,focused saturation,colour,aw-drive,boost_0.5,full,,-0.251,0.9977942543801422,0.07233887618357084,-11.99,-7.36,-188.2665540697346,-67.93277949372579,-120.33,-190.62706962088075,2.36,0.19215,0.3258,-157.02,-162.63,-0.101,-0.662,0.61451,0.409,-0.015,,,
aw_focus,Airwindows,focused saturation,colour,aw-drive,boost_0.75,curve,,2.395,2.0337949862398865,,-15.02,-10.38,-183.48070632268525,-69.58595235725507,-113.89,-196.47693755685282,13.0,,,,,,,,-2.059,-0.06,,,
aw_focus,Airwindows,focused saturation,colour,aw-drive,boost_1,full,,4.815,4.211819850519967,0.29619817763345196,-18.04,-13.41,-195.27924279100685,-59.21396391118339,-136.07,-188.42480828125866,-6.85,0.46902,1.64561,-151.27,-156.61,-0.338,-1.395,0.44826,-4.138,-0.074,,,
aw_focus,Airwindows,focused saturation,colour,aw-drive,matched_thd_1_pct,full,thd_1_pct,5.604,1.0018394405622175,0.08057174506273626,-12.01,-7.38,-189.20023574273952,-59.44687569207499,-129.75,-188.88350379659502,-0.32,0.22466,0.43696,-151.22,-156.72,-0.009,-0.808,0.58892,-4.919,-0.094,,,
aw_focus,Airwindows,focused saturation,colour,aw-drive,matched_thd_3_pct,full,thd_3_pct,9.666,2.99785443538677,0.1469467237371491,-16.64,-12.0,-200.0,-61.54812761224838,-138.45,-197.7235580949585,-2.28,0.26022,1.28837,-146.73,-151.3,-0.257,-2.251,0.43729,-7.848,-0.1,,,
aw_fromtape,Airwindows,tape playback,tape,aw-tape,matched_thd_0.1_pct,full,thd_0.1_pct,-0.243,0.10015463197999423,0.0008488137298286457,,,-149.94681082382485,-106.64954246670735,-43.3,-92.19737792699176,-57.75,0.00144,0.51484,-157.2,-78.11,-0.994,-0.445,0.7971,-7.813,-0.24,0.0,0.00069,-0.0
aw_fromtape,Airwindows,tape playback,tape,aw-tape,matched_thd_1_pct,full,thd_1_pct,-0.469,0.9993188048551276,0.011392709249140274,-11.99,-2.6,-123.98915370454283,-84.32237764956608,-39.67,-76.73244846060746,-47.26,0.01047,2.12374,-157.22,-57.93,-1.053,-1.42,0.34061,-7.579,-0.907,2e-05,0.00201,-0.0
aw_fromtape,Airwindows,tape playback,tape,aw-tape,matched_thd_3_pct,full,thd_3_pct,-1.212,3.0014752348201057,0.06371932587309616,-20.99,-12.0,-119.22583536249445,-69.16308821256989,-50.06,-75.93458480850481,-43.29,0.06507,3.4929,-157.26,-51.12,-1.232,-2.169,0.13475,-6.869,-0.743,2e-05,0.00212,-0.0
aw_fromtape,Airwindows,tape playback,tape,aw-tape,softer_0,full,,0.012,0.0060772287523350515,4.8993867717227156e-05,,,-190.24742276120935,-131.50937759698354,-58.74,-200.0,9.75,5e-05,0.04662,-157.0,-161.61,-0.962,-0.973,0.89727,-7.826,0.005,0.0,0.0,-0.0
aw_fromtape,Airwindows,tape playback,tape,aw-tape,softer_0.25,curve,,-0.022,0.21722238742577535,,1.31,,-152.98216372904943,-99.59834824440257,-53.38,-82.4420842639155,-70.54,,,,,,,,-7.792,-0.349,,,
aw_fromtape,Airwindows,tape playback,tape,aw-tape,softer_0.5,full,,-0.3,1.2332931610626452,0.0148687541168392,-13.76,-4.45,-126.16162473085845,-81.90865836592181,-44.25,-78.44374745201746,-47.72,0.01558,2.36426,-156.97,-56.23,-1.083,-1.533,0.27516,-7.479,-0.955,1e-05,0.0021,0.0
aw_fromtape,Airwindows,tape playback,tape,aw-tape,softer_0.75,curve,,-1.4,4.02997871296647,,-23.17,-14.28,-97.66891648577341,-62.849747381947694,-34.82,-78.52764182214005,-19.14,,,,,,,,-6.417,-0.292,,,
aw_fromtape,Airwindows,tape playback,tape,aw-tape,softer_1,full,,-2.544,7.044768919477744,5.2612038489490365,-35.78,-19.19,-34.849385909643516,-27.82762751023242,-7.02,-34.07009289701515,-0.78,8.50843,5.66864,-157.33,-163.01,-2.258,-6.068,0.28798,-6.279,0.019,0.0,0.0,-0.0
aw_hype,Airwindows,hyped saturation,colour,aw-drive,mid,full,,-0.091,8.021892042250152e-07,4.483581838121634e-08,,,-198.19115168548095,-192.21042182786888,-5.98,-190.10131109323228,-8.09,0.0,1.92265,-154.35,-162.79,-0.293,-0.281,0.12432,0.25,4.369,,,
aw_ironoxide5,Airwindows,tape,tape,aw-tape,input_trim_0.25,full,,-9.068,0.25348530533363983,0.16491670156528823,-6.05,-1.31,-100.25403750028076,-57.810069587026206,-42.44,-115.35739437820735,15.1,0.24307,0.03944,-171.48,-58.0,-1.656,-1.624,0.21617,-5.62,-13.799,0.00271,0.06987,0.0
aw_ironoxide5,Airwindows,tape,tape,aw-tape,input_trim_0.375,curve,,-4.694,0.7153014000924501,,-10.55,-5.81,-99.81812162016028,-48.81775189309293,-51.0,-102.00263442328485,2.18,,,,,,,,-5.532,-14.502,,,
aw_ironoxide5,Airwindows,tape,tape,aw-tape,input_trim_0.5,full,,-0.547,2.0260606668184935,1.3145297024206126,-15.05,-10.31,-100.64668539329148,-39.792900931249164,-60.85,-99.91223144426908,-0.73,1.91563,0.32862,-162.49,-46.75,-1.821,-2.222,0.1958,-5.149,-12.547,0.00307,0.06359,-0.0
aw_ironoxide5,Airwindows,tape,tape,aw-tape,input_trim_0.625,curve,,2.975,5.790987663470725,,-19.55,-14.81,-101.29196141498011,-30.72601625030483,-70.57,-120.25042652154264,18.96,,,,,,,,-4.441,-12.56,,,
aw_ironoxide5,Airwindows,tape,tape,aw-tape,input_trim_0.75,full,,4.884,16.513008032223105,10.856002619534406,-24.05,-19.31,-107.75778785678565,-21.537048768907077,-86.22,-102.54927976407288,-5.21,16.42086,2.43828,-153.49,-40.45,-2.227,-5.861,0.08571,-2.664,-9.233,0.00218,0.07374,-0.0
aw_ironoxide5,Airwindows,tape,tape,aw-tape,matched_thd_0.1_pct,full,thd_0.1_pct,-4.535,0.10052343486183377,0.06563799347822406,-2.04,2.7,-102.10956763708265,-65.80075094322491,-36.31,-113.4287345119073,11.32,0.18729,0.01797,-167.02,-50.78,-1.964,-1.751,0.22657,-5.624,-10.486,0.00332,0.05683,0.0
aw_ironoxide5,Airwindows,tape,tape,aw-tape,matched_thd_1_pct,full,thd_1_pct,5.203,1.0062389446028244,0.6535593759785049,-12.03,-7.29,-99.66488225540988,-45.860007053103764,-53.8,-137.61322782832178,37.95,0.98351,0.16233,-157.03,-43.21,-1.46,-1.885,0.18502,-5.426,-13.533,0.002,0.07488,0.0
aw_ironoxide5,Airwindows,tape,tape,aw-tape,matched_thd_3_pct,full,thd_3_pct,9.382,2.9990829297020993,1.9435982790047315,-16.74,-12.0,-98.41272146817735,-36.39951634137327,-62.01,-105.89882743250499,7.49,2.84313,0.46967,-152.36,-36.62,-1.655,-2.983,0.11282,-5.12,-12.799,0.00187,0.06879,-0.0
aw_ironoxideclassic2,Airwindows,"tape, the older algorithm",tape,aw-tape,input_trim_0.25,full,,-9.05,0.1669531544043942,0.10936281924598346,-4.22,0.56,-193.6815148701041,-61.377653594751834,-132.3,-189.68713086006917,-3.99,0.15887,0.05332,-170.98,-170.19,-1.714,-1.775,0.19329,-5.599,-10.529,0.0,0.0,-0.0
aw_ironoxideclassic2,Airwindows,"tape, the older algorithm",tape,aw-tape,input_trim_0.375,curve,,-4.634,0.4703599397993462,,-8.72,-3.94,-192.7230347056047,-52.378126673280825,-140.34,-189.37822902891702,-3.34,,,,,,,,-5.537,-10.466,,,
aw_ironoxideclassic2,Airwindows,"tape, the older algorithm",tape,aw-tape,input_trim_0.5,full,,-0.371,1.324150602043723,0.8684547710902615,-13.22,-8.44,-200.0,-43.379598240401236,-156.62,-195.5670945026356,-4.43,1.26705,0.42134,-162.14,-162.52,-1.775,-2.245,0.1614,-5.364,-10.29,0.0,0.0,-0.0
aw_ironoxideclassic2,Airwindows,"tape, the older algorithm",tape,aw-tape,input_trim_0.625,curve,,3.476,3.717929444385818,,-17.72,-12.94,-187.52617793149886,-34.38487169431207,-153.14,-192.8859883993965,5.36,,,,,,,,-4.888,-9.806,,,
aw_ironoxideclassic2,Airwindows,"tape, the older algorithm",tape,aw-tape,input_trim_0.75,full,,6.25,10.31754956923268,6.86983534838417,-22.22,-17.44,-193.22304932213763,-25.408936969090256,-167.81,-198.70050199465905,5.48,10.39444,3.21286,-152.99,-156.39,-2.245,-4.59,0.07417,-3.655,-8.546,0.0,0.0,-0.0
aw_ironoxideclassic2,Airwindows,"tape, the older algorithm",tape,aw-tape,matched_thd_0.1_pct,full,thd_0.1_pct,-4.786,0.09945582801576858,0.06514421933540282,-1.97,2.81,-188.02279685134903,-65.87755183213835,-122.15,-195.13098027160567,7.11,0.09461,0.03177,-166.82,-164.79,-1.711,-1.747,0.196,-5.613,-10.543,0.0,0.0,-0.0
aw_ironoxideclassic2,Airwindows,"tape, the older algorithm",tape,aw-tape,matched_thd_1_pct,full,thd_1_pct,5.017,1.0060196621036432,0.6595734204962723,-12.03,-7.24,-191.48817734611526,-45.769424008334184,-145.72,-200.0,8.51,0.96115,0.32043,-156.77,-157.39,-1.758,-1.857,0.16896,-5.428,-10.355,0.0,0.0,-0.0
aw_ironoxideclassic2,Airwindows,"tape, the older algorithm",tape,aw-tape,matched_thd_3_pct,full,thd_3_pct,9.247,3.015900076519783,1.9820869094348188,-16.81,-12.02,-194.90745217945388,-36.21122844817629,-158.7,-187.35687387386324,-7.55,2.91059,0.95487,-151.93,-151.97,-1.864,-2.875,0.12328,-5.026,-9.947,0.0,0.0,-0.0
aw_loud,Airwindows,loudness saturation,colour,aw-drive,boost_0,full,,-6.021,7.413827089595626e-08,9.715375176429151e-08,0.49,1.45,-200.0,-191.1865212245455,-8.81,-193.15316427459734,-6.85,0.0,0.0,-163.1,-166.93,0.0,0.0,0.27583,0.159,-0.025,,,
aw_loud,Airwindows,loudness saturation,colour,aw-drive,boost_0.25,curve,,3.67,9.337806043924124e-08,,-9.29,-9.11,-187.8472802377567,-186.78981268231064,-1.06,-189.12711762881975,1.28,,,,,,,,0.161,-5.943,,,
aw_loud,Airwindows,loudness saturation,colour,aw-drive,boost_0.5,full,,5.938,27.32184523394832,22.4580436658884,-15.43,-15.26,-193.4782533548801,-13.171682386325783,-180.31,-178.59364745670618,-14.88,122.66847,153.30193,-145.46,-63.94,4.397,4.567,0.0,1.785,-17.316,,,
aw_loud,Airwindows,loudness saturation,colour,aw-drive,boost_0.75,curve,,2.623,41.3128366412848,,-24.19,-24.0,-199.91322028933112,-10.193609129738203,-189.72,-179.7549388622427,-20.16,,,,,,,,5.329,-20.688,,,
aw_loud,Airwindows,loudness saturation,colour,aw-drive,boost_1,full,,-13.147,56.48043391513095,40.00928941703584,-30.14,-29.16,-195.17641052582977,-9.696971778113241,-185.48,-164.57146354533026,-30.6,191.9503,141.16123,-133.01,-200.0,4.567,-31.442,0.0,21.836,-8.722,,,
aw_loud,Airwindows,loudness saturation,colour,aw-drive,matched_thd_0.1_pct,full,thd_0.1_pct,5.914,0.07944324032404587,5.130508468030188e-08,-10.59,-9.98,-188.89811679404804,-190.71146966346294,1.81,-190.8492074118846,1.95,6.11921,66.0367,-151.11,-92.08,-0.129,3.171,0.0,0.164,-14.051,,,
aw_loud,Airwindows,loudness saturation,colour,aw-drive,matched_thd_1_pct,full,thd_1_pct,5.977,1.1907903145302647,0.1767157595442081,-12.03,-10.98,-198.73357475512935,-59.99620341681302,-138.74,-194.73565771668626,-4.0,9.11875,68.869,-151.0,-73.12,0.209,2.975,0.0,0.219,-14.511,,,
aw_loud,Airwindows,loudness saturation,colour,aw-drive,matched_thd_3_pct,full,thd_3_pct,6.074,3.2347335953327367,1.347805753404324,-12.21,-12.01,-200.0,-41.17904994102474,-158.82,-188.60364886782762,-11.4,15.51993,74.71669,-150.75,-70.39,0.737,2.458,0.0,0.317,-15.038,,,
aw_mackity,Airwindows,Mackie 1202 preamp,colour,aw-drive,in_trim_0,full,,-173.942,147.44499009801862,145.04104664176393,,,-2.164341694290231,-4.284801092635787,2.12,-17.039851343134846,14.88,1147.62905,88.21291,-150.41,-150.5,-31.459,-31.429,0.06546,-14.597,12.085,,,
aw_mackity,Airwindows,Mackie 1202 preamp,colour,aw-drive,in_trim_0.25,curve,,-16.024,20.75735123219197,,-19.72,-17.42,-128.43814759797854,-13.912297623890147,-114.53,-188.28426625365387,59.85,,,,,,,,0.009,0.418,,,
aw_mackity,Airwindows,Mackie 1202 preamp,colour,aw-drive,in_trim_0.5,full,,-15.569,39.505851938203406,39.29381966717021,-31.77,-29.46,-130.43016117884554,-9.770067243094886,-120.66,-200.0,69.57,175.90772,22.93254,-157.55,-90.25,-2.012,-5.161,0.06518,0.037,0.912,,,
aw_mackity,Airwindows,Mackie 1202 preamp,colour,aw-drive,in_trim_0.75,curve,,-15.546,41.1973907136378,,-38.83,-36.51,-125.78125227301713,-9.584948275959594,-116.2,-198.99907990976644,73.22,,,,,,,,0.07,0.796,,,
aw_mackity,Airwindows,Mackie 1202 preamp,colour,aw-drive,in_trim_1,full,,-15.542,41.49306396398753,41.28618227808865,-43.81,-41.32,-129.88955517001858,-9.554088837671525,-120.34,-188.91485571141826,59.03,184.81507,34.27929,-145.45,-68.81,-5.372,-13.52,0.06518,0.095,0.565,,,
aw_mackity,Airwindows,Mackie 1202 preamp,colour,aw-drive,matched_thd_0.1_pct,full,thd_0.1_pct,-2.727,0.10344922793689063,0.10012555369696913,-7.12,-4.85,-140.9272977844808,-60.32601416182847,-80.6,-190.79469159117997,49.87,0.23998,0.00147,-160.27,-163.42,0.578,-0.165,0.09722,-0.234,-0.865,,,
aw_mackity,Airwindows,Mackie 1202 preamp,colour,aw-drive,matched_thd_1_pct,full,thd_1_pct,1.982,0.9856190104995085,0.9534490340279075,-11.97,-9.68,-143.23116960526949,-40.75382675539448,-102.48,-190.4995495974755,47.27,2.29671,0.01375,-155.44,-158.32,0.497,-1.153,0.09018,-0.217,-0.789,,,
aw_mackity,Airwindows,Mackie 1202 preamp,colour,aw-drive,matched_thd_3_pct,full,thd_3_pct,4.016,3.0547853558307643,2.9515191026896375,-14.35,-12.04,-153.4886466092689,-30.945354144551587,-122.54,-185.45056726169963,31.96,7.19458,0.041,-153.06,-157.39,0.298,-0.963,0.08174,-0.175,-0.614,,,
aw_purestdrive,Airwindows,minimal tube-ish drive,colour,aw-drive,drive_0,full,,-0.0,8.057727740139064e-08,1.1577202903486548e-07,,,-188.26955597435062,-192.0642940926584,3.79,-189.0228061562124,0.75,0.0,0.0,-157.07,-160.95,0.0,0.0,1.0,0.159,-0.025,,,
aw_purestdrive,Airwindows,minimal tube-ish drive,colour,aw-drive,drive_0.25,curve,,-0.004,0.018993055948116563,,0.12,,-186.73573610769517,-74.45413579051166,-112.28,-193.23688493760642,6.5,,,,,,,,0.159,-0.024,,,
aw_purestdrive,Airwindows,minimal tube-ish drive,colour,aw-drive,drive_0.5,full,,-0.008,0.03800282436995473,0.03811392091138629,-2.19,1.49,-197.53941874630684,-68.42969596312764,-129.11,-195.61643485694327,-1.92,0.09599,0.00334,-157.04,-162.33,-0.002,-0.042,0.98679,0.159,-0.022,,,
aw_purestdrive,Airwindows,minimal tube-ish drive,colour,aw-drive,drive_0.75,curve,,-0.012,0.05702945123719935,,-3.49,-0.05,-184.99078864733758,-64.90401100917981,-120.09,-192.02002638370914,7.03,,,,,,,,0.159,-0.02,,,
aw_purestdrive,Airwindows,minimal tube-ish drive,colour,aw-drive,drive_1,full,,-0.015,0.07607287178693918,0.07629544494886734,-4.38,-1.02,-199.56808453338078,-62.401376145373376,-137.17,-192.68058144272769,-6.89,0.19221,0.00668,-157.0,-161.66,-0.004,-0.086,0.97358,0.159,-0.018,,,
aw_purestdrive,Airwindows,minimal tube-ish drive,colour,aw-drive,matched_thd_0.1_pct,full,thd_0.1_pct,-0.015,0.07592424647913291,0.0761463436388062,-4.38,-1.01,-200.0,-62.41836166624141,-137.58,-195.31855054667997,-4.68,0.19183,0.00667,-157.04,-161.91,-0.004,-0.086,0.97363,0.159,-0.018,,,
aw_tape,Airwindows,"tape, the simple one",tape,aw-tape,matched_thd_1_pct,full,thd_1_pct,8.711,1.0094987251399787,1.2296211996337356,-12.01,-9.95,-86.62116658293354,-41.32298807216837,-45.3,-121.81735092030979,35.2,3.46388,1.55386,-130.01,-148.16,-0.287,-1.741,0.29036,0.751,-0.5,0.0,0.0,0.0
aw_tape,Airwindows,"tape, the simple one",tape,aw-tape,matched_thd_3_pct,full,thd_3_pct,10.325,3.027452974054023,3.1612602272227774,-14.12,-12.02,-78.31433655629172,-31.08249378273736,-47.23,-113.12931025485236,34.81,8.73151,2.38526,-127.22,-140.66,-0.398,-2.221,0.23952,0.644,-0.352,0.0,0.0,0.0
aw_tape,Airwindows,"tape, the simple one",tape,aw-tape,slam_0,full,,-12.541,3.8668491804513274,2.443953651591462,-23.74,-14.13,-82.84765517737527,-28.995139954708733,-53.85,-119.60027777207749,36.75,0.18183,17.90228,-137.8,-169.47,-0.529,-0.99,0.26321,5.532,-3.731,0.0,0.0,-0.0
aw_tape,Airwindows,"tape, the simple one",tape,aw-tape,slam_0.25,curve,,-6.33,1.8896031768629997,,-17.48,-8.09,-96.22289476321201,-33.090910173878264,-63.13,-138.2726989235761,42.05,,,,,,,,3.176,-2.573,,,
aw_tape,Airwindows,"tape, the simple one",tape,aw-tape,slam_0.5,full,,-0.182,0.9106689405813336,0.8183766034098423,-11.1,0.68,-121.27251212284742,-38.13686125171391,-83.14,-168.62592180335045,47.35,0.02044,2.80958,-153.62,-161.47,-0.275,-0.289,0.17064,1.758,-1.361,0.0,0.0,0.0
aw_tape,Airwindows,"tape, the simple one",tape,aw-tape,slam_0.75,curve,,5.852,0.15362526688150668,,-8.37,-6.61,-100.81501008620761,-47.38048138758685,-53.43,-138.02181902702532,37.21,,,,,,,,0.983,-0.72,,,
aw_tape,Airwindows,"tape, the simple one",tape,aw-tape,slam_1,full,,11.053,5.283656768693267,5.372695678618614,-15.3,-13.13,-73.74511485250407,-26.070945539726257,-47.67,-108.37067986973338,34.63,14.96506,3.46439,-125.75,-135.71,-0.556,-2.369,0.2193,0.597,-0.249,0.0,0.0,0.0
aw_totape7,Airwindows,"tape, the flagship algorithm",tape,aw-tape,matched_thd_1_pct,full,thd_1_pct,6.786,1.0060988039699335,1.210182805235199,-12.02,-8.17,-107.92750628204814,-40.41240936014667,-67.52,-91.57885178258319,-16.35,1.655,5.03386,-150.96,-31.79,0.127,-1.29,0.15154,-0.361,-2.838,0.00752,0.09502,0.0001
aw_totape7,Airwindows,"tape, the flagship algorithm",tape,aw-tape,matched_thd_3_pct,full,thd_3_pct,10.169,2.9967064370784238,2.285957562072697,-15.66,-12.0,-115.78643276228149,-37.17797596379066,-78.61,-93.35743814564134,-22.43,4.06856,8.90264,-147.08,-27.77,-0.067,-2.028,0.10923,-0.466,-3.402,0.01083,0.08981,0.0002
aw_totape7,Airwindows,"tape, the flagship algorithm",tape,aw-tape,tapedrv_0,full,,-188.0,67.13330795671747,7.1849084014529705,,,-15.818022414957447,-34.9390210669107,19.12,-4.764298035933283,-11.05,316.05316,845.67576,-200.0,-200.0,-178.828,-178.96,0.0,,,,,
aw_totape7,Airwindows,"tape, the flagship algorithm",tape,aw-tape,tapedrv_0.25,curve,,-12.135,0.7021877866366948,,,,-97.41515588547374,-48.22711779303866,-49.19,-89.22777259339539,-8.19,,,,,,,,3.775,-1.689,,,
aw_totape7,Airwindows,"tape, the flagship algorithm",tape,aw-tape,tapedrv_0.5,full,,-0.094,0.40060183267666666,0.8448481286005521,-5.45,-1.2,-112.11420332301583,-39.333494465950224,-72.78,-100.43446831271373,-11.68,0.43168,1.9393,-158.17,-41.36,-0.073,-0.011,0.12565,1.529,-1.66,0.00458,0.10705,-0.0
aw_totape7,Airwindows,"tape, the flagship algorithm",tape,aw-tape,tapedrv_0.75,curve,,6.703,0.9798994211936704,,-11.93,-8.08,-101.1427297784196,-40.391081060606965,-60.75,-103.27364017585711,2.13,,,,,,,,-0.237,-1.493,,,
aw_totape7,Airwindows,"tape, the flagship algorithm",tape,aw-tape,tapedrv_1,full,,10.95,3.936089765432424,2.8913886765037953,-16.58,-12.96,-98.73212027660017,-34.809669834538,-63.92,-94.27586956954082,-4.46,5.13858,10.42998,-146.14,-27.03,-0.018,-2.307,0.09776,-0.722,-1.339,0.00797,0.08729,0.0002
bx_console_n,Brainworx,Neve VXS console channel,colour,console-neve,thd_-30,full,,2.984,0.23961651625179112,0.2396522441371722,-5.71,-0.69,-121.38278371973799,-52.41078016125223,-68.97,-129.16353218444885,7.78,0.65311,0.17984,-87.03,-87.22,-0.017,-0.142,0.92957,0.159,-0.026,,,
bx_console_n,Brainworx,Neve VXS console channel,colour,console-neve,thd_-35,curve,,1.663,0.12272795632382565,,-2.79,2.23,-117.50938471950435,-58.21724727618765,-59.29,-123.81469744018358,6.31,,,,,,,,0.159,-0.026,,,
bx_console_n,Brainworx,Neve VXS console channel,colour,console-neve,thd_-40,curve,,0.908,0.06614049666772286,,-0.1,,-131.2870459096477,-63.5730156806557,-67.71,-121.4156321422156,-9.87,,,,,,,,0.159,-0.025,,,
bx_console_n,Brainworx,Neve VXS console channel,colour,console-neve,thd_-50,curve,,0.221,0.02013069930293715,,,,-122.82754858045145,-73.97959145704114,-48.85,-124.44172935950985,1.61,,,,,,,,0.159,-0.024,,,
bx_console_n,Brainworx,Neve VXS console channel,colour,console-neve,thd_-60,full,,0.0,0.006333406798493729,0.006240291072375399,,,-121.09242265195597,-84.16103598993281,-36.93,-120.56385434729627,-0.53,0.01761,0.00472,-90.12,-90.16,0.0,-0.003,0.99691,0.159,-0.026,,,
century,UAD,Universal Audio Century tube strip,colour,preamp-tube,level_0,full,,-47.742,0.027096104464063513,0.0279706278339847,0.37,1.54,-71.22551785082604,-96.69668915989162,25.47,-71.71409937306646,0.49,0.06122,0.01967,-200.0,-147.48,-0.05,-0.055,0.72086,-0.478,-1.165,,,
century,UAD,Universal Audio Century tube strip,colour,preamp-tube,level_10,full,,29.139,20.684461150630796,22.441912568421387,-19.57,-18.13,-19.324886935379226,-13.95482191581774,-5.37,-20.224751190358006,0.9,83.03842,8.65403,-84.39,-47.7,-1.644,-2.65,0.15274,-1.334,-0.318,,,
century,UAD,Universal Audio Century tube strip,colour,preamp-tube,level_2.5,curve,,-1.987,0.034036406052859444,,0.34,1.52,-68.69989529436276,-93.36941647797963,24.67,-69.87608249856174,1.18,,,,,,,,-0.478,-1.164,,,
century,UAD,Universal Audio Century tube strip,colour,preamp-tube,level_5,full,,9.7,0.06679245222749074,0.07119055280855517,0.18,1.42,-62.68207203888459,-87.31347452514868,24.63,-63.87395406943095,1.19,0.16345,0.04012,-107.46,-107.48,-0.052,-0.06,0.72169,-0.478,-1.164,,,
century,UAD,Universal Audio Century tube strip,colour,preamp-tube,level_7.5,curve,,23.637,0.33908812023027807,,-10.48,-8.92,-48.154673750693235,-57.76341515117721,9.61,-50.2246455338927,2.07,,,,,,,,-0.494,-1.158,,,
century,UAD,Universal Audio Century tube strip,colour,preamp-tube,matched_thd_0.1_pct,full,thd_0.1_pct,14.705,0.10105690345247752,0.10862571926950079,-1.67,-0.06,-58.999922135456146,-79.58313906680044,20.58,-60.25633579095151,1.26,0.25082,0.05758,-102.46,-102.48,-0.053,-0.074,0.72125,-0.479,-1.163,,,
century,UAD,Universal Audio Century tube strip,colour,preamp-tube,matched_thd_1_pct,full,thd_1_pct,25.831,0.8871750773112815,1.5685104150321776,-11.86,-10.53,-36.22905987604588,-39.37656380927055,3.15,-43.86128767927977,7.63,4.64531,0.20285,-91.28,-91.54,-0.13,-2.108,0.35199,-0.704,-1.136,,,
century,UAD,Universal Audio Century tube strip,colour,preamp-tube,matched_thd_3_pct,full,thd_3_pct,26.38,2.3885967571091427,3.9066333614223425,-13.3,-11.59,-29.831922790700013,-32.1547130378977,2.32,-38.16859471710512,8.34,10.8391,0.22958,-90.65,-77.01,-0.311,-2.251,0.32075,-0.823,-1.063,,,
decap_a,Soundtoys,Ampex 350 tape preamp (style A),colour,style-decapitator,drive_0,full,,-2.016,3.1824909664084475,3.2283693878883266,-22.31,-12.56,-29.737529746626763,-64.94335330168789,35.21,-29.903578373879718,0.17,7.35462,3.27198,-200.0,-135.83,0.616,0.173,0.68761,-0.04,0.396,,,
decap_a,Soundtoys,Ampex 350 tape preamp (style A),colour,style-decapitator,drive_10,full,,5.974,5.693535534873592,5.715690540593468,-30.64,-20.87,-25.66557223665646,-33.113091276579375,7.45,-26.114770264613835,0.45,13.2165,5.84974,-200.0,-122.27,0.273,-1.729,0.41511,-0.111,-0.167,,,
decap_a,Soundtoys,Ampex 350 tape preamp (style A),colour,style-decapitator,drive_2.5,curve,,5.974,5.693535534873592,,-30.64,-20.87,-25.66557223665646,-33.113091276579375,7.45,-26.114770264613835,0.45,,,,,,,,-0.111,-0.167,,,
decap_a,Soundtoys,Ampex 350 tape preamp (style A),colour,style-decapitator,drive_5,full,,5.974,5.693535534873592,5.715690540593468,-30.64,-20.87,-25.66557223665646,-33.113091276579375,7.45,-26.114770264613835,0.45,13.2165,5.84974,-200.0,-122.27,0.273,-1.729,0.41511,-0.111,-0.167,,,
decap_a,Soundtoys,Ampex 350 tape preamp (style A),colour,style-decapitator,drive_7.5,curve,,5.974,5.693535534873592,,-30.64,-20.87,-25.66557223665646,-33.113091276579375,7.45,-26.114770264613835,0.45,,,,,,,,-0.111,-0.167,,,
decap_e,Soundtoys,Chandler/EMI TG12413 (style E),colour,style-decapitator,drive_0,full,,-1.135,2.579241850743806,2.580061763242689,-17.15,-1.84,-31.93603813481453,-45.9595505635395,14.02,-31.80610578664174,-0.13,5.53497,2.73182,-200.0,-139.89,-0.795,-0.346,0.92588,0.009,2.554,,,
decap_e,Soundtoys,Chandler/EMI TG12413 (style E),colour,style-decapitator,drive_10,full,,7.434,1.7253990176879626,1.6460654460419233,-25.59,-10.93,-36.07115512575436,-48.77822120024437,12.71,-36.5036767018023,0.43,6.7749,12.29083,-200.0,-128.37,-0.31,-0.973,0.34728,0.014,1.828,,,
decap_e,Soundtoys,Chandler/EMI TG12413 (style E),colour,style-decapitator,drive_2.5,curve,,7.434,1.7253990176879626,,-25.59,-10.93,-36.07115512575436,-48.77822120024437,12.71,-36.5036767018023,0.43,,,,,,,,0.014,1.828,,,
decap_e,Soundtoys,Chandler/EMI TG12413 (style E),colour,style-decapitator,drive_5,full,,7.434,1.7253990176879626,1.6460654460419233,-25.59,-10.93,-36.07115512575436,-48.77822120024437,12.71,-36.5036767018023,0.43,6.7749,12.29083,-200.0,-128.37,-0.31,-0.973,0.34728,0.014,1.828,,,
decap_e,Soundtoys,Chandler/EMI TG12413 (style E),colour,style-decapitator,drive_7.5,curve,,7.434,1.7253990176879626,,-25.59,-10.93,-36.07115512575436,-48.77822120024437,12.71,-36.5036767018023,0.43,,,,,,,,0.014,1.828,,,
decap_n,Soundtoys,Neve 1057 (style N),colour,style-decapitator,drive_0,full,,-1.602,0.33076730785081043,0.8433724599460998,-9.81,-3.25,-46.26615675967834,-43.403364476358135,-2.86,-49.733578121342994,3.47,1.21572,1.01077,-200.0,-109.74,-0.076,-0.076,0.71908,-0.261,-1.792,,,
decap_n,Soundtoys,Neve 1057 (style N),colour,style-decapitator,drive_10,full,,6.031,2.2299452022809385,0.9775890114185267,-17.1,-11.25,-43.3315519385845,-47.558593129793174,4.23,-34.41147100334116,-8.92,4.32234,3.60839,-200.0,-97.71,-0.077,-1.485,0.3856,-0.26,-1.766,,,
decap_n,Soundtoys,Neve 1057 (style N),colour,style-decapitator,drive_2.5,curve,,6.031,2.2299452022809385,,-17.1,-11.25,-43.3315519385845,-47.558593129793174,4.23,-34.41147100334116,-8.92,,,,,,,,-0.26,-1.766,,,
decap_n,Soundtoys,Neve 1057 (style N),colour,style-decapitator,drive_5,full,,6.031,2.2299452022809385,0.9775890114185267,-17.1,-11.25,-43.3315519385845,-47.558593129793174,4.23,-34.41147100334116,-8.92,4.32234,3.60839,-200.0,-97.71,-0.077,-1.485,0.3856,-0.26,-1.766,,,
decap_n,Soundtoys,Neve 1057 (style N),colour,style-decapitator,drive_7.5,curve,,6.031,2.2299452022809385,,-17.1,-11.25,-43.3315519385845,-47.558593129793174,4.23,-34.41147100334116,-8.92,,,,,,,,-0.26,-1.766,,,
decap_p,Soundtoys,Thermionic Culture Vulture pentode (style P),colour,style-decapitator,drive_0,full,,-0.959,6.83368726371037,7.830360310435426,-30.99,-21.44,-22.378048782583452,-38.08442170600926,15.71,-23.611769185343835,1.23,16.86233,6.83136,-200.0,-133.35,0.292,0.153,0.63858,-0.377,-0.142,,,
decap_p,Soundtoys,Thermionic Culture Vulture pentode (style P),colour,style-decapitator,drive_10,full,,6.325,10.267551417445747,9.27979549734681,-38.73,-28.91,-23.833828886574253,-23.392548366978176,-0.44,-19.977646689154295,-3.86,29.27884,11.0819,-200.0,-125.99,0.234,-1.275,0.28253,-0.407,-0.446,,,
decap_p,Soundtoys,Thermionic Culture Vulture pentode (style P),colour,style-decapitator,drive_2.5,curve,,6.325,10.267551417445747,,-38.73,-28.91,-23.833828886574253,-23.392548366978176,-0.44,-19.977646689154295,-3.86,,,,,,,,-0.407,-0.446,,,
decap_p,Soundtoys,Thermionic Culture Vulture pentode (style P),colour,style-decapitator,drive_5,full,,6.325,10.267551417445747,9.27979549734681,-38.73,-28.91,-23.833828886574253,-23.392548366978176,-0.44,-19.977646689154295,-3.86,29.27884,11.0819,-200.0,-125.99,0.234,-1.275,0.28253,-0.407,-0.446,,,
decap_p,Soundtoys,Thermionic Culture Vulture pentode (style P),colour,style-decapitator,drive_7.5,curve,,6.325,10.267551417445747,,-38.73,-28.91,-23.833828886574253,-23.392548366978176,-0.44,-19.977646689154295,-3.86,,,,,,,,-0.407,-0.446,,,
decap_t,Soundtoys,Thermionic Culture Vulture triode (style T),colour,style-decapitator,drive_0,full,,0.847,2.186126993980274,2.3287679570314377,-14.72,-8.26,-35.7753760806343,-36.85073361386809,1.08,-35.771433318871,-0.0,7.03425,6.51062,-200.0,-126.66,0.38,0.2,0.66395,-0.36,1.093,,,
decap_t,Soundtoys,Thermionic Culture Vulture triode (style T),colour,style-decapitator,drive_10,full,,5.87,4.552434142784921,4.46290227744215,-20.72,-14.26,-36.85843490044562,-27.726921140321675,-9.13,-36.57970086465862,-0.28,17.26624,9.31966,-200.0,-106.16,0.324,-0.73,0.4308,-0.388,0.775,,,
decap_t,Soundtoys,Thermionic Culture Vulture triode (style T),colour,style-decapitator,drive_2.5,curve,,5.87,4.552434142784921,,-20.72,-14.26,-36.85843490044562,-27.726921140321675,-9.13,-36.57970086465862,-0.28,,,,,,,,-0.388,0.775,,,
decap_t,Soundtoys,Thermionic Culture Vulture triode (style T),colour,style-decapitator,drive_5,full,,5.87,4.552434142784921,4.46290227744215,-20.72,-14.26,-36.85843490044562,-27.726921140321675,-9.13,-36.57970086465862,-0.28,17.26624,9.31966,-200.0,-106.16,0.324,-0.73,0.4308,-0.388,0.775,,,
decap_t,Soundtoys,Thermionic Culture Vulture triode (style T),colour,style-decapitator,drive_7.5,curve,,5.87,4.552434142784921,,-20.72,-14.26,-36.85843490044562,-27.726921140321675,-9.13,-36.57970086465862,-0.28,,,,,,,,-0.388,0.775,,,
devil_loc,Soundtoys,Shure Level-Loc,colour,crush,crush_1,full,,-3.282,3.2374172693376346,5.041002341954422,-44.88,-33.79,-26.027684083503004,-36.94326512537545,10.92,-30.557215117364166,4.53,9.97844,2.63962,-200.0,-126.37,-2.945,-5.665,0.5542,-0.207,-0.02,,,
devil_loc,Soundtoys,Shure Level-Loc,colour,crush,crush_10,full,,-2.769,3.0870904256469687,4.50577013307673,-51.83,-41.29,-27.096953499722815,-37.500312561992786,10.4,-31.398535392568057,4.3,9.75273,2.59901,-200.0,-111.14,-4.694,-7.943,0.3252,-0.008,0.011,,,
devil_loc,Soundtoys,Shure Level-Loc,colour,crush,crush_3,curve,,-2.769,3.0870904256469687,,-51.83,-41.29,-27.096953499722815,-37.500312561992786,10.4,-31.398535392568057,4.3,,,,,,,,-0.008,0.011,,,
devil_loc,Soundtoys,Shure Level-Loc,colour,crush,crush_5,full,,-2.769,3.0870904256469687,4.50577013307673,-51.83,-41.29,-27.096953499722815,-37.500312561992786,10.4,-31.398535392568057,4.3,9.75273,2.59901,-200.0,-111.14,-4.694,-7.943,0.3252,-0.008,0.011,,,
devil_loc,Soundtoys,Shure Level-Loc,colour,crush,crush_7,curve,,-2.769,3.0870904256469687,,-51.83,-41.29,-27.096953499722815,-37.500312561992786,10.4,-31.398535392568057,4.3,,,,,,,,-0.008,0.011,,,
devil_loc,Soundtoys,Shure Level-Loc,colour,crush,matched_thd_3_pct,full,thd_3_pct,-2.769,3.0870904256469687,4.50577013307673,-51.83,-41.29,-27.096953499722815,-37.500312561992786,10.4,-31.398535392568057,4.3,9.75273,2.59901,-200.0,-111.14,-4.694,-7.943,0.3252,-0.008,0.011,,,
driver,Native Instruments,analogue drive and filter,colour,crush,distortion_0,full,,3.468,2.7745039264730376,2.781117949612374,-20.18,-11.42,-200.0,-31.21347563077275,-168.79,-200.0,0.0,7.94821,2.12919,-200.0,-107.56,-0.263,-0.691,0.44522,0.162,-0.422,,,
driver,Native Instruments,analogue drive and filter,colour,crush,distortion_10,full,,3.468,2.7745039264730376,2.781117949612374,-20.18,-11.42,-200.0,-31.21347563077275,-168.79,-200.0,0.0,7.94821,2.12919,-200.0,-107.56,-0.263,-0.691,0.44522,0.162,-0.422,,,
driver,Native Instruments,analogue drive and filter,colour,crush,distortion_2.5,curve,,3.468,2.7745039264730376,,-20.18,-11.42,-200.0,-31.21347563077275,-168.79,-200.0,0.0,,,,,,,,0.162,-0.422,,,
driver,Native Instruments,analogue drive and filter,colour,crush,distortion_5,full,,3.468,2.7745039264730376,2.781117949612374,-20.18,-11.42,-200.0,-31.21347563077275,-168.79,-200.0,0.0,7.94821,2.12919,-200.0,-107.56,-0.263,-0.691,0.44522,0.162,-0.422,,,
driver,Native Instruments,analogue drive and filter,colour,crush,distortion_7.5,curve,,3.468,2.7745039264730376,,-20.18,-11.42,-200.0,-31.21347563077275,-168.79,-200.0,0.0,,,,,,,,0.162,-0.422,,,
driver,Native Instruments,analogue drive and filter,colour,crush,matched_thd_3_pct,full,thd_3_pct,3.468,2.7745039264730376,2.781117949612374,-20.18,-11.42,-200.0,-31.21347563077275,-168.79,-200.0,0.0,7.94821,2.12919,-200.0,-107.56,-0.263,-0.691,0.44522,0.162,-0.422,,,
frontdaw_american,Sonimus,American console style,colour,style-frontdaw,matched_thd_0.1_pct,full,thd_0.1_pct,0.202,0.10126901713263069,0.10025588749719103,0.38,1.5,-66.42501857503346,-61.09203666044514,-5.33,-66.61857135488584,0.19,0.25424,0.08094,-200.0,-144.14,-0.038,-0.065,0.97921,-0.682,0.003,,,
frontdaw_american,Sonimus,American console style,colour,style-frontdaw,matched_thd_1_pct,full,thd_1_pct,2.52,1.001361079871297,0.9614930182905667,-12.01,-3.9,-46.16912242169593,-41.63902558855177,-4.53,-46.20652989257677,0.04,2.64106,0.85145,-200.0,-119.08,-0.098,-0.457,0.80083,-0.839,0.018,,,
frontdaw_american,Sonimus,American console style,colour,style-frontdaw,mojo_0,full,,-0.002,7.75584526243743e-08,4.699972558721218e-08,2.6,2.77,-200.0,-197.99291803985642,-2.01,-200.0,0.0,0.0,0.0,-200.0,-178.82,-0.032,-0.032,0.99695,-0.672,0.003,,,
frontdaw_american,Sonimus,American console style,colour,style-frontdaw,mojo_100,full,,3.036,1.1550041278782865,1.078961906859139,-13.39,-4.38,-44.97672766404097,-40.66235296824536,-4.31,-44.971195876718895,-0.01,3.02381,0.95359,-200.0,-115.99,-0.109,-0.547,0.76637,-0.889,0.023,,,
frontdaw_american,Sonimus,American console style,colour,style-frontdaw,mojo_25,curve,,0.935,0.4371211518518341,,-6.06,0.04,-53.64091710127913,-48.500039868919735,-5.14,-53.789317149840166,0.15,,,,,,,,-0.723,0.007,,,
frontdaw_american,Sonimus,American console style,colour,style-frontdaw,mojo_50,full,,1.735,0.7507600418456088,0.7244755466646452,-9.77,-2.54,-48.88603363785046,-44.096662581053174,-4.79,-48.93945478867413,0.05,1.94719,0.6235,-200.0,-121.27,-0.079,-0.318,0.85442,-0.775,0.012,,,
frontdaw_american,Sonimus,American console style,colour,style-frontdaw,mojo_75,curve,,2.432,0.9856149398985985,,-11.88,-3.73,-46.424437872407225,-41.82784163038322,-4.6,-46.48155380813548,0.06,,,,,,,,-0.831,0.017,,,
frontdaw_british,Sonimus,British console style,colour,style-frontdaw,matched_thd_0.1_pct,full,thd_0.1_pct,0.402,0.09996597421426831,0.09816841855068005,-1.07,1.1,-66.93162254164612,-61.08208266277729,-5.85,-67.14374409898366,0.21,0.2348,0.0728,-200.0,-157.86,-0.038,-0.088,0.97104,-0.684,0.004,,,
frontdaw_british,Sonimus,British console style,colour,style-frontdaw,mojo_0,full,,-0.002,7.75584526243743e-08,4.699972558721218e-08,2.6,2.77,-200.0,-197.99291803985642,-2.01,-200.0,0.0,0.0,0.0,-200.0,-178.82,-0.032,-0.032,0.99695,-0.672,0.003,,,
frontdaw_british,Sonimus,British console style,colour,style-frontdaw,mojo_100,full,,3.471,0.6877650356256197,0.6447656275257582,-9.98,-4.52,-50.046303217375566,-44.98519519203714,-5.06,-50.09074221613709,0.04,1.56665,0.53602,-200.0,-155.24,-0.074,-0.514,0.80555,-0.798,0.014,,,
frontdaw_british,Sonimus,British console style,colour,style-frontdaw,mojo_25,curve,,1.025,0.24050374179685552,,-5.21,-0.17,-59.16825563933132,-53.47843424585985,-5.69,-59.335347351870354,0.17,,,,,,,,-0.703,0.005,,,
frontdaw_british,Sonimus,British console style,colour,style-frontdaw,mojo_50,full,,1.933,0.42759439774354613,0.40199550787948096,-7.78,-2.71,-54.254793846550456,-48.92563176155108,-5.33,-54.34304181959507,0.09,1.03271,0.32044,-200.0,-168.12,-0.056,-0.302,0.88094,-0.734,0.008,,,
frontdaw_british,Sonimus,British console style,colour,style-frontdaw,mojo_75,curve,,2.742,0.5731870713387525,,-9.1,-3.88,-51.7033015547397,-46.606527039332384,-5.1,-51.733328062981876,0.03,,,,,,,,-0.767,0.011,,,
frontdaw_clip,Sonimus,clipper style,colour,style-frontdaw,matched_thd_0.1_pct,full,thd_0.1_pct,0.049,0.10641036864764795,0.10810466900413891,1.23,1.98,-59.968710853079045,-67.89162860794566,7.92,-60.166565209475564,0.2,0.23893,0.08337,-200.0,-173.04,-0.034,-0.045,0.9914,-0.674,0.002,,,
frontdaw_clip,Sonimus,clipper style,colour,style-frontdaw,matched_thd_1_pct,full,thd_1_pct,0.502,1.0232876898591912,1.040769540802575,-12.41,0.86,-40.27711344021263,-48.361862582265815,8.08,-40.49505936144729,0.22,2.37952,0.79033,-200.0,-142.99,-0.049,-0.165,0.93076,-0.692,0.0,,,
frontdaw_clip,Sonimus,clipper style,colour,style-frontdaw,matched_thd_3_pct,full,thd_3_pct,1.577,2.992654669518556,3.010609994255346,-24.51,-11.91,-30.959620647765675,-39.50246711160491,8.54,-31.128087486913508,0.17,6.97544,2.36613,-200.0,-136.7,-0.08,-0.472,0.79761,-0.738,-0.004,,,
frontdaw_clip,Sonimus,clipper style,colour,style-frontdaw,mojo_0,full,,-0.002,7.75584526243743e-08,4.699972558721218e-08,2.6,2.77,-200.0,-197.99291803985642,-2.01,-200.0,0.0,0.0,0.0,-200.0,-178.82,-0.032,-0.032,0.99695,-0.672,0.003,,,
frontdaw_clip,Sonimus,clipper style,colour,style-frontdaw,mojo_100,full,,6.643,7.904247506750753,7.519557802283435,-33.8,-24.14,-23.503786969891728,-30.07740917938122,6.57,-24.206723403701282,0.7,19.35915,6.81791,-200.0,-98.2,-0.613,-2.293,0.32342,-1.156,-0.038,,,
frontdaw_clip,Sonimus,clipper style,colour,style-frontdaw,mojo_25,curve,,2.618,4.62765417078349,,-28.26,-18.0,-27.151876036889018,-36.21559434152613,9.06,-27.298674630335924,0.15,,,,,,,,-0.793,-0.003,,,
frontdaw_clip,Sonimus,clipper style,colour,style-frontdaw,mojo_50,full,,4.463,6.8823520053888885,6.816629465272897,-31.57,-21.6,-23.711859310860646,-33.67834800339297,9.97,-23.82595263732577,0.11,16.22508,5.495,-200.0,-115.52,-0.164,-1.392,0.52522,-0.92,-0.004,,,
frontdaw_clip,Sonimus,clipper style,colour,style-frontdaw,mojo_75,curve,,5.746,7.668262888918303,,-33.03,-23.36,-22.9221624775565,-31.821373933937437,8.9,-23.203163457594094,0.28,,,,,,,,-1.042,-0.021,,,
frontdaw_german,Sonimus,German console style,colour,style-frontdaw,matched_thd_0.1_pct,full,thd_0.1_pct,0.128,0.09864721495847602,0.09961460997268552,0.73,1.7,-62.09980878593786,-64.71701786591412,2.62,-62.21532589432242,0.12,0.23324,0.07334,-200.0,-159.79,-0.035,-0.059,0.98343,-0.677,0.003,,,
frontdaw_german,Sonimus,German console style,colour,style-frontdaw,matched_thd_1_pct,full,thd_1_pct,1.499,1.0025954155077033,0.9824471131085923,-12.02,-3.61,-41.75887493462071,-45.14438808552625,3.39,-41.8336414516725,0.07,2.34691,0.73671,-200.0,-139.47,-0.067,-0.358,0.85036,-0.739,0.007,,,
frontdaw_german,Sonimus,German console style,colour,style-frontdaw,mojo_0,full,,-0.002,7.75584526243743e-08,4.699972558721218e-08,2.6,2.77,-200.0,-197.99291803985642,-2.01,-200.0,0.0,0.0,0.0,-200.0,-178.82,-0.032,-0.032,0.99695,-0.672,0.003,,,
frontdaw_german,Sonimus,German console style,colour,style-frontdaw,mojo_100,full,,3.775,1.9308536936324585,1.811824244154639,-19.23,-7.43,-35.66201572130684,-41.425448824955964,5.76,-35.58214714425606,-0.08,4.60164,1.45936,-200.0,-133.41,-0.112,-0.966,0.66097,-0.957,0.027,,,
frontdaw_german,Sonimus,German console style,colour,style-frontdaw,mojo_25,curve,,1.338,0.9099432449940104,,-11.2,-2.95,-42.57573437529588,-45.63666672118093,3.06,-42.7111452953214,0.14,,,,,,,,-0.731,0.006,,,
frontdaw_german,Sonimus,German console style,colour,style-frontdaw,mojo_50,full,,2.369,1.446938723324443,1.4198948751725993,-15.58,-5.86,-38.43532537977823,-42.50729743228426,4.07,-38.50433271905804,0.07,3.41584,1.1098,-200.0,-135.96,-0.081,-0.569,0.77395,-0.796,0.011,,,
frontdaw_german,Sonimus,German console style,colour,style-frontdaw,mojo_75,curve,,3.166,1.7606672145021374,,-17.99,-7.07,-36.55668921159824,-41.32416301236595,4.77,-36.57534538414914,0.02,,,,,,,,-0.872,0.019,,,
frontdaw_magnetic,Sonimus,tape style,colour,style-frontdaw,matched_thd_0.1_pct,full,thd_0.1_pct,0.051,0.0865771330570471,0.08725595180789741,1.33,2.04,-62.841006762007325,-66.09000899394879,3.25,-63.0397056875859,0.2,0.19609,0.06736,-200.0,-165.63,-0.035,-0.043,0.99136,-0.674,0.002,,,
frontdaw_magnetic,Sonimus,tape style,colour,style-frontdaw,matched_thd_1_pct,full,thd_1_pct,0.646,1.0146530680709922,1.0198512951148087,-12.23,0.89,-41.430874724299244,-44.99817991969586,3.57,-41.6162412375322,0.19,2.41501,0.8131,-200.0,-142.26,-0.064,-0.164,0.91864,-0.695,0.0,,,
frontdaw_magnetic,Sonimus,tape style,colour,style-frontdaw,matched_thd_3_pct,full,thd_3_pct,2.153,3.029017377679846,3.037838961761556,-24.21,-12.14,-31.784499372522074,-35.8198264364421,4.04,-31.991203115788633,0.21,7.30493,2.42709,-200.0,-165.1,-0.118,-0.499,0.75974,-0.754,-0.003,,,
frontdaw_magnetic,Sonimus,tape style,colour,style-frontdaw,mojo_0,full,,-0.002,7.75584526243743e-08,4.699972558721218e-08,2.6,2.77,-200.0,-197.99291803985642,-2.01,-200.0,0.0,0.0,0.0,-200.0,-178.82,-0.032,-0.032,0.99695,-0.672,0.003,,,
frontdaw_magnetic,Sonimus,tape style,colour,style-frontdaw,mojo_100,full,,7.102,6.6713399990277455,6.049664619375864,-31.45,-21.64,-24.712600854301563,-32.73960298570215,8.03,-24.526026666441997,-0.19,16.21456,5.73967,-200.0,-148.83,-0.244,-1.881,0.45975,-1.223,0.035,,,
frontdaw_magnetic,Sonimus,tape style,colour,style-frontdaw,mojo_25,curve,,2.703,3.6167252687466322,,-25.88,-14.95,-30.193547007498857,-35.19825882194002,5.0,-30.245623243233023,0.05,,,,,,,,-0.781,-0.003,,,
frontdaw_magnetic,Sonimus,tape style,colour,style-frontdaw,mojo_50,full,,4.627,5.408012707482771,5.305944673797452,-29.02,-19.19,-26.578148135896523,-31.982187034832275,5.4,-26.67430718624225,0.1,13.05312,4.34878,-200.0,-145.92,-0.207,-1.108,0.58952,-0.903,0.004,,,
frontdaw_magnetic,Sonimus,tape style,colour,style-frontdaw,mojo_75,curve,,6.038,6.274514334733746,,-30.58,-20.83,-25.219247701950938,-31.79048752731754,6.57,-25.20615882639046,-0.01,,,,,,,,-1.047,0.017,,,
little_radiator,Soundtoys,Altec 1566A tube stage,colour,preamp-tube,heat_db_-15,full,,-11.183,0.516386083681525,0.5232087229879372,-2.28,,-45.56827817444656,-73.10456997094356,27.54,-45.65761996760511,0.09,1.20262,0.51092,-200.0,-150.43,0.213,0.178,0.72945,0.595,0.647,,,
little_radiator,Soundtoys,Altec 1566A tube stage,colour,preamp-tube,heat_db_-7.5,curve,,-3.668,0.7283556697278148,,-9.71,-3.96,-42.761588779236924,-55.63425653193577,12.87,-42.85803213695486,0.1,,,,,,,,0.59,0.637,,,
little_radiator,Soundtoys,Altec 1566A tube stage,colour,preamp-tube,heat_db_0,full,,3.488,2.557058470871821,2.653834734598292,-17.28,-11.4,-37.01527518374564,-32.90063857044183,-4.11,-36.95858178575975,-0.06,7.35022,3.53375,-200.0,-123.16,-0.032,-0.872,0.335,0.515,0.535,,,
little_radiator,Soundtoys,Altec 1566A tube stage,colour,preamp-tube,heat_db_15,full,,9.223,29.6735411825064,29.851366022742106,-32.8,-26.4,-21.852150826116272,-11.85496162916918,-10.0,-21.860536992208498,0.01,121.05349,23.51887,-200.0,-65.99,-1.763,-2.49,0.07854,0.182,0.099,,,
little_radiator,Soundtoys,Altec 1566A tube stage,colour,preamp-tube,heat_db_7.5,curve,,7.827,15.258922724061982,,-24.71,-18.96,-30.374332334553994,-16.291094615288184,-14.08,-30.72001509189255,0.35,,,,,,,,0.257,0.151,,,
little_radiator,Soundtoys,Altec 1566A tube stage,colour,preamp-tube,matched_thd_1_pct,full,thd_1_pct,-1.395,1.0009711329373763,1.0231733323223426,-12.01,-6.22,-40.122332277346246,-50.19513415670836,10.07,-40.264460893825515,0.14,2.55744,1.22361,-200.0,-142.27,0.165,-0.373,0.52116,0.585,0.63,,,
little_radiator,Soundtoys,Altec 1566A tube stage,colour,preamp-tube,matched_thd_3_pct,full,thd_3_pct,3.987,2.993230354810136,3.1094323493004503,-17.83,-11.99,-37.52980456577324,-30.970971236535355,-6.56,-37.42093085138952,-0.11,8.89072,4.09083,-200.0,-122.43,-0.07,-0.968,0.31607,0.5,0.514,,,
nls_mike,Waves,SSL 4000 G+ console channel,colour,console-ssl,drive_0,full,,-0.16,0.07053939105771699,0.2512073127936277,-1.63,-0.83,-65.6926410683778,-49.71449708505338,-15.98,-66.06126779911699,0.37,1.30181,1.49265,-200.0,-135.74,-0.09,-0.058,1.00291,0.209,-0.161,,,
nls_mike,Waves,SSL 4000 G+ console channel,colour,console-ssl,drive_12,full,,8.509,5.346443858019244,8.046328558712773,-15.68,-13.07,-38.539728569556765,-22.998418147932746,-15.54,-29.155015692771965,-9.38,15.09351,13.6229,-200.0,-81.34,-1.42,-6.339,0.26107,3.487,-1.15,,,
nls_mike,Waves,SSL 4000 G+ console channel,colour,console-ssl,drive_3,curve,,0.549,0.14218044455792184,,-2.77,-1.6,-58.94976657860444,-43.07601366101602,-15.87,-60.55277367543118,1.6,,,,,,,,0.758,-0.541,,,
nls_mike,Waves,SSL 4000 G+ console channel,colour,console-ssl,drive_6,full,,0.969,0.2997956673462847,1.2018756861306155,-5.1,-3.64,-52.315864979541814,-36.55662202507284,-15.76,-54.624437422925695,2.31,5.45082,7.78258,-200.0,-121.1,-0.593,-0.912,0.86412,2.006,-1.165,,,
nls_mike,Waves,SSL 4000 G+ console channel,colour,console-ssl,drive_9,curve,,4.991,0.6153620877713173,,-8.73,-7.49,-45.539441925648354,-30.451810125220774,-15.09,-50.93899134443551,5.4,,,,,,,,2.662,-1.07,,,
nls_mike,Waves,SSL 4000 G+ console channel,colour,console-ssl,matched_thd_0.1_pct,full,thd_0.1_pct,0.218,0.09972187565505672,0.3709176547572844,-1.84,-1.01,-62.32879703132343,-46.40088622924209,-15.93,-63.34431080275061,1.02,1.83857,2.12601,-200.0,-137.06,-0.148,-0.101,0.99496,0.43,-0.325,,,
nls_mike,Waves,SSL 4000 G+ console channel,colour,console-ssl,matched_thd_1_pct,full,thd_1_pct,7.44,0.9993288788298959,3.989323240614799,-12.0,-10.61,-41.53212630154179,-27.013794926683477,-14.52,-48.51365163556118,6.98,10.35741,13.68346,-200.0,-107.6,-0.935,-4.685,0.32855,3.079,-0.937,,,
nls_mike,Waves,SSL 4000 G+ console channel,colour,console-ssl,matched_thd_3_pct,full,thd_3_pct,8.223,2.8573271583879523,5.965305633743066,-14.86,-11.91,-45.38458415090154,-24.785069209869242,-20.6,-33.29366990758169,-12.09,11.80642,14.28845,-200.0,-85.15,-1.049,-5.693,0.27598,3.289,-1.012,,,
nls_nevo,Waves,Neve 5116 console channel,colour,console-neve,drive_0,full,,-0.056,0.0010411660714250734,0.007799939880831807,-0.8,-0.4,-90.00879369035495,-79.83598369859864,-10.17,-112.6533157791844,22.64,0.0084,0.00058,-200.0,-153.56,0.022,0.022,0.98492,0.001,0.07,,,
nls_nevo,Waves,Neve 5116 console channel,colour,console-neve,drive_12,full,,5.627,0.11689619204196056,0.6986477766150605,-7.66,-6.87,-50.62048835695176,-41.665414717880054,-8.96,-73.66534874632661,23.04,0.56759,0.0244,-200.0,-124.72,-0.324,-1.931,0.62355,1.342,0.334,,,
nls_nevo,Waves,Neve 5116 console channel,colour,console-neve,drive_3,curve,,0.672,0.0034023475253321576,,-2.48,-1.36,-79.85564177654584,-69.89489508400723,-9.96,-103.40028907931273,23.54,,,,,,,,0.03,0.076,,,
nls_nevo,Waves,Neve 5116 console channel,colour,console-neve,drive_6,full,,1.354,0.011072090534570344,0.07867238517127445,-3.73,-3.09,-69.75561569838776,-59.93445066316406,-9.82,-93.59908352777431,23.84,0.07593,0.00392,-200.0,-149.65,0.02,-0.359,0.95872,0.128,0.097,,,
nls_nevo,Waves,Neve 5116 console channel,colour,console-neve,drive_9,curve,,3.604,0.035726800123993346,,-6.13,-4.78,-60.068926143497606,-50.63953192568539,-9.43,-83.7644640489809,23.7,,,,,,,,0.4,0.159,,,
nls_nevo,Waves,Neve 5116 console channel,colour,console-neve,matched_thd_0.1_pct,full,thd_0.1_pct,5.379,0.0996262804328685,0.6058495995516909,-7.56,-6.78,-51.85369684210941,-42.82988395584459,-9.02,-75.0322021866098,23.18,0.4964,0.02151,-200.0,-126.51,-0.241,-1.803,0.64631,1.137,0.299,,,
nls_spike,Waves,EMI TG12345 console channel,colour,console-emi,drive_0,full,,-0.093,0.04131585334162632,0.052539414693782684,-1.34,-0.57,-65.96147069342717,-76.91537358000822,10.95,-68.16605656893647,2.2,0.10556,0.03588,-200.0,-151.71,-0.01,-0.008,0.92168,0.042,-0.413,,,
nls_spike,Waves,EMI TG12345 console channel,colour,console-emi,drive_12,full,,5.531,1.4817688566059708,1.8934502867252136,-16.36,-5.41,-34.789406264102766,-46.404067429496834,11.61,-37.04209671215976,2.25,3.68854,1.31548,-200.0,-117.36,0.039,0.058,0.90502,-0.116,-0.418,,,
nls_spike,Waves,EMI TG12345 console channel,colour,console-emi,drive_3,curve,,0.505,0.12058766524300461,,-1.78,-0.75,-56.64920014576934,-67.65531753876968,11.01,-58.8631885222119,2.21,,,,,,,,0.025,-0.413,,,
nls_spike,Waves,EMI TG12345 console channel,colour,console-emi,drive_6,full,,0.84,0.3624098220187342,0.4634424818937528,-2.68,-1.14,-47.04610746839638,-58.107200873216925,11.06,-49.3027127811584,2.26,0.92123,0.31589,-200.0,-135.28,0.003,0.014,0.92389,-0.023,-0.414,,,
nls_spike,Waves,EMI TG12345 console channel,colour,console-emi,drive_9,curve,,3.267,0.7317588063046414,,-8.4,-1.81,-40.93767664283924,-52.23806524668753,11.3,-43.186449974056586,2.25,,,,,,,,-0.059,-0.415,,,
nls_spike,Waves,EMI TG12345 console channel,colour,console-emi,matched_thd_0.1_pct,full,thd_0.1_pct,0.417,0.10074654864796585,0.12816481193102916,-1.69,-0.71,-58.21371147089698,-69.21100303138178,11.0,-60.42479599552308,2.21,0.25692,0.0876,-200.0,-146.09,-0.007,-0.004,0.92213,0.029,-0.413,,,
nls_spike,Waves,EMI TG12345 console channel,colour,console-emi,matched_thd_1_pct,full,thd_1_pct,4.273,0.992786985785613,1.2680422160485099,-11.91,-2.4,-38.28177906493333,-49.708109099641376,11.43,-40.530108717633,2.25,2.48945,0.87585,-200.0,-122.44,0.024,0.042,0.92382,-0.081,-0.416,,,
nlsbuss_mike,Waves,SSL 4000 G+ console buss,colour,console-ssl,drive_0,full,,0.08,0.061968706937037064,0.04229937935378666,-1.46,-0.57,-76.03887737734344,-67.15288251915234,-8.89,-63.281675502925594,-12.76,0.32542,0.44748,-200.0,-136.13,0.038,0.077,1.03784,0.281,0.609,,,
nlsbuss_mike,Waves,SSL 4000 G+ console buss,colour,console-ssl,drive_12,full,,7.035,1.082600150102011,1.524447720661612,-12.73,-10.75,-46.15404384396087,-37.60574821728167,-8.55,-41.02687456405484,-5.13,7.20021,18.21987,-200.0,-101.98,-0.403,-3.574,0.38673,2.318,-3.899,,,
nlsbuss_mike,Waves,SSL 4000 G+ console buss,colour,console-ssl,drive_3,curve,,0.654,0.11869790518674464,,-1.95,-1.04,-69.54231813895123,-60.674473129420726,-8.87,-57.65132740219842,-11.89,,,,,,,,0.586,-0.099,,,
nlsbuss_mike,Waves,SSL 4000 G+ console buss,colour,console-ssl,drive_6,full,,0.822,0.23966287290872182,0.20355168627175604,-4.6,-2.76,-62.77503201861104,-53.92648403541518,-8.85,-51.47197389496245,-11.3,1.54124,2.42836,-200.0,-129.3,-0.468,-0.321,1.0023,1.266,-1.616,,,
nlsbuss_mike,Waves,SSL 4000 G+ console buss,colour,console-ssl,drive_9,curve,,4.222,0.4706592436436106,,-8.43,-7.08,-54.926350895117075,-46.194914812463864,-8.73,-46.44889618229822,-8.48,,,,,,,,1.58,-2.689,,,
nlsbuss_mike,Waves,SSL 4000 G+ console buss,colour,console-ssl,matched_thd_0.1_pct,full,thd_0.1_pct,0.529,0.09943323844676757,0.07401869827740912,-1.82,-0.92,-71.28997307989451,-62.41729008621435,-8.87,-59.19267650307,-12.1,0.55528,0.75991,-200.0,-131.23,-0.067,0.001,1.07038,0.481,0.142,,,
nlsbuss_mike,Waves,SSL 4000 G+ console buss,colour,console-ssl,matched_thd_1_pct,full,thd_1_pct,6.954,1.0109813133882057,1.4701568514298922,-12.11,-10.68,-46.44861502251337,-37.89308184936179,-8.56,-41.216005279798594,-5.23,7.01107,17.30567,-200.0,-104.07,-0.4,-3.469,0.39276,2.279,-3.862,,,
nlsbuss_nevo,Waves,Neve 5116 console buss,colour,console-neve,drive_0,full,,0.026,0.007083886374310231,0.011240468887849202,1.3,2.02,-77.29636413700652,-126.72566160824941,49.43,-82.57511989841231,5.28,0.01811,0.01001,-200.0,-126.96,0.005,0.005,0.98487,-0.153,-0.048,,,
nlsbuss_nevo,Waves,Neve 5116 console buss,colour,console-neve,drive_12,full,,6.342,0.4202062059188569,0.6506364091896432,-4.1,-2.17,-42.119640926529456,-96.4705550618227,54.35,-47.75230237981259,5.63,0.9247,0.37104,-200.0,-85.21,0.012,-0.2,0.94471,-0.08,-0.055,,,
nlsbuss_nevo,Waves,Neve 5116 console buss,colour,console-neve,drive_3,curve,,0.777,0.021349325194446194,,1.29,2.01,-67.7733620607923,-141.15169483393552,73.38,-73.20336764689249,5.43,,,,,,,,-0.151,-0.048,,,
nlsbuss_nevo,Waves,Neve 5116 console buss,colour,console-neve,drive_6,full,,1.529,0.06425385859226294,0.10126402175287776,1.23,1.98,-58.23596661134458,-118.74862923894256,60.51,-63.78342369514936,5.55,0.15319,0.07366,-200.0,-106.3,0.007,0.007,0.98524,-0.143,-0.048,,,
nlsbuss_nevo,Waves,Neve 5116 console buss,colour,console-neve,drive_9,curve,,3.933,0.16488705232833986,,-1.39,-0.39,-50.14767910499473,-106.56290943367593,56.42,-55.76485222856343,5.62,,,,,,,,-0.124,-0.05,,,
nlsbuss_nevo,Waves,Neve 5116 console buss,colour,console-neve,matched_thd_0.1_pct,full,thd_0.1_pct,2.65,0.09983921608931806,0.1566101328614192,1.17,1.94,-54.46084054324503,-112.50918675783639,58.05,-60.04135294981313,5.58,0.23254,0.10702,-200.0,-101.38,0.008,0.008,0.98546,-0.136,-0.049,,,
nlsbuss_spike,Waves,EMI TG12345 console buss,colour,console-emi,drive_0,full,,0.22,0.6401243057629744,2.125718738946212,-2.75,-1.1,-31.559379888457592,-66.91130502645083,35.35,-34.516719747757406,2.96,5.2294,2.04701,-200.0,-136.64,0.095,0.098,0.96351,0.061,-0.177,,,
nlsbuss_spike,Waves,EMI TG12345 console buss,colour,console-emi,drive_12,full,,6.639,3.224109400093284,9.429947318657032,-32.3,-14.47,-18.80426638395273,-58.274065423479975,39.47,-21.489894049064752,2.69,22.49716,9.39519,-200.0,-110.88,0.255,0.245,0.9329,-0.052,-0.345,,,
nlsbuss_spike,Waves,EMI TG12345 console buss,colour,console-emi,drive_3,curve,,0.952,1.050660462300823,,-13.04,-1.43,-27.42961420918077,-63.21252238455664,35.78,-30.344286203524252,2.91,,,,,,,,0.038,-0.21,,,
nlsbuss_spike,Waves,EMI TG12345 console buss,colour,console-emi,drive_6,full,,1.673,1.7233018318647728,5.5348518978173225,-21.62,-2.07,-23.294760901124715,-59.52122747623992,36.23,-26.1640243651281,2.87,13.51778,5.39655,-200.0,-125.55,0.18,0.181,0.95147,0.002,-0.262,,,
nlsbuss_spike,Waves,EMI TG12345 console buss,colour,console-emi,drive_9,curve,,4.158,2.3786983164253477,,-27.16,-2.81,-21.015307188690983,-58.805975289709316,37.79,-23.782855812102618,2.77,,,,,,,,-0.021,-0.298,,,
nlsbuss_spike,Waves,EMI TG12345 console buss,colour,console-emi,matched_thd_1_pct,full,thd_1_pct,0.879,0.9999082325644557,3.269595204694332,-12.0,-1.38,-27.84270454979277,-63.5819324069499,35.74,-30.761729626133242,2.92,8.01187,3.16404,-200.0,-131.67,0.125,0.127,0.95944,0.041,-0.206,,,
nlsbuss_spike,Waves,EMI TG12345 console buss,colour,console-emi,matched_thd_3_pct,full,thd_3_pct,6.06,3.007787404895588,8.87848373146968,-31.14,-12.08,-19.31516570065383,-58.38382336224843,39.07,-22.01831394198212,2.7,21.22156,8.82481,-200.0,-112.59,0.246,0.236,0.93534,-0.044,-0.333,,,
scheps73,Waves,Neve 1073 mic preamp,colour,preamp-neve,drive_off,full,,0.0,0.001660746599401114,0.0016600272985157994,,,-95.85334174834473,-112.68600794787304,16.83,-96.17287854774182,0.32,0.00356,0.0014,-200.0,-163.34,-0.04,-0.04,0.97948,-0.039,-0.002,,,
scheps73,Waves,Neve 1073 mic preamp,colour,preamp-neve,drive_on,full,,2.792,11.27691771920196,11.605675140399137,-53.22,-41.65,-19.410145030392165,-30.018641617170886,10.61,-19.948269872451988,0.54,25.83034,9.23245,-200.0,-90.92,-0.895,-3.083,0.25983,-0.009,-0.18,,,
ssl_ev2,Waves,SSL 4000 E console channel,colour,console-ssl,analog_off,full,,-0.0,4.297598415885933e-05,4.1673821902687584e-05,,,-135.85339067256984,-135.8737845209949,0.02,-134.33912595861227,-1.51,3e-05,0.00016,-200.0,-168.95,0.035,0.035,0.9798,0.16,-0.026,,,
ssl_ev2,Waves,SSL 4000 E console channel,colour,console-ssl,line_-10,curve,,0.001,0.20424935312371756,,,,-113.37351924302527,-57.36265001505551,-56.01,-96.68256970696541,-16.69,,,,,,,,0.196,-0.026,,,
ssl_ev2,Waves,SSL 4000 E console channel,colour,console-ssl,line_0,full,,0.009,0.6275729835218035,0.7452090445620034,-3.29,,-84.51159411918593,-41.803444843368844,-42.71,-70.42441707745502,-14.09,0.42694,0.00429,-200.0,-131.13,0.028,0.017,0.98509,0.416,-0.034,,,
ssl_ev2,Waves,SSL 4000 E console channel,colour,console-ssl,line_10,full,,0.068,1.058519447159733,1.27413191400663,-13.27,-4.76,-66.44319420060705,-38.20333976428775,-28.24,-57.93328526697345,-8.51,0.74961,0.04159,-200.0,-127.26,0.015,-0.798,0.62578,0.859,-0.082,,,
ssl_ev2,Waves,SSL 4000 E console channel,colour,console-ssl,line_20,curve,,-1.613,13.727218693164755,,-23.28,-13.93,-62.286910916157225,-15.822585432053435,-46.46,-51.90878409770019,-10.38,,,,,,,,0.306,-0.073,,,
ssl_native,SSL,SSL 9000/4000 channel strip,colour,console-ssl,default,full,,0.0,1.5969178006179584e-07,1.5968477843449403e-07,,,-200.0,-179.14102972999277,-20.86,-200.0,0.0,0.0,0.0,-200.0,-181.18,0.0,0.0,1.0,0.159,-0.025,,,
ssl_native,SSL,SSL 9000/4000 channel strip,colour,console-ssl,trim_+10,full,,0.0,9.058253689871147e-08,9.062516939307183e-08,,,-200.0,-195.04035785108914,-4.96,-200.0,0.0,0.0,0.0,-200.0,-182.37,0.0,0.0,0.99335,0.159,-0.025,,,
studer_a800,UAD,Studer A800 multitrack,tape,tape-machine,ccir_15,full,,-0.442,0.9062359130492426,0.9333556292978072,-10.71,-1.76,-67.17964379230293,-41.178989303932056,-26.0,-68.08772536035703,0.91,2.54939,1.18971,-200.0,-140.49,-0.308,-0.419,0.70947,1.054,0.557,0.0,0.0,0.0
studer_a800,UAD,Studer A800 multitrack,tape,tape-machine,hot_+12,curve,,-1.554,4.717166232155846,,-24.06,-14.08,-57.77355982438314,-23.04437376510989,-34.73,-59.142981175553004,1.37,,,,,,,,0.863,0.01,,,
studer_a800,UAD,Studer A800 multitrack,tape,tape-machine,hot_+6,full,,-0.767,1.6408128195726353,1.8227664944017234,-18.06,-8.08,-59.26184044645399,-34.54367119591098,-24.72,-63.84754209364367,4.59,5.61114,1.43775,-200.0,-137.94,-0.414,-0.879,0.38541,1.82,-0.165,0.0,0.0,0.0
studer_a800,UAD,Studer A800 multitrack,tape,tape-machine,ips_15,full,,-0.458,1.004827022060438,1.0650967466324746,-12.06,-2.08,-64.6608120495106,-39.5316619751674,-25.13,-69.58533371445144,4.92,3.11424,0.85668,-200.0,-139.71,-0.377,-0.455,0.65955,1.915,-0.198,0.0,0.0,-0.0
studer_a800,UAD,Studer A800 multitrack,tape,tape-machine,ips_30,full,,0.138,0.1498273700063171,0.11664944927416841,-5.32,-1.21,-68.96257381935256,-59.87754530134511,-9.09,-67.13820957375648,-1.82,0.40512,0.27089,-200.0,-144.18,-0.301,-0.427,0.78698,4.094,-0.342,0.0,0.0,-0.0
studer_a800,UAD,Studer A800 multitrack,tape,tape-machine,ips_7.5,full,,0.447,0.36638456384266566,0.45782685678144325,-8.22,-5.32,-63.8939726532034,-56.74761615911234,-7.15,-68.50042286007115,4.61,1.78374,5.1174,-200.0,-133.22,-0.56,-1.132,0.33073,0.476,-0.92,0.0,0.0,0.0
studer_a800,UAD,Studer A800 multitrack,tape,tape-machine,matched_thd_1_pct,full,thd_1_pct,-0.571,0.9957164979562092,1.0556268664051844,-11.94,-1.97,-64.77084873293046,-39.608363207412445,-25.16,-69.69932760276112,4.93,3.08666,0.84896,-200.0,-139.18,-0.376,-0.452,0.66364,1.915,-0.198,0.0,0.0,0.0
studer_a800,UAD,Studer A800 multitrack,tape,tape-machine,matched_thd_3_pct,full,thd_3_pct,8.902,3.0187493358996162,3.8399394497980595,-22.12,-12.04,-57.035055136799784,-27.482601192103466,-29.55,-60.32457815359558,3.29,13.63855,2.80778,-200.0,-128.49,-0.482,-1.695,0.30853,1.362,-0.086,0.0,0.0,-0.0
studer_a800,UAD,Studer A800 multitrack,tape,tape-machine,tape_250,curve,,-0.36,0.40610722906868657,,-7.35,-2.24,-64.71253517932533,-45.644667251535196,-19.07,-69.30247085340442,4.59,,,,,,,,1.965,-0.078,,,
studer_a800,UAD,Studer A800 multitrack,tape,tape-machine,tape_900,curve,,0.012,0.32553810025563606,,-7.58,-4.39,-64.79029364980859,-59.695193726848565,-5.1,-69.28734827892356,4.5,,,,,,,,2.029,-0.698,,,
studer_a800,UAD,Studer A800 multitrack,tape,tape-machine,tape_gp9,curve,,0.258,0.3678287201321007,,-8.93,-5.98,-64.81125663237455,-49.68579619519261,-15.13,-69.02597954936228,4.21,,,,,,,,1.977,0.057,,,
ua610a,UAD,UA 610-A tube preamp,colour,preamp-tube,level_0.2,full,,-8.175,0.08749411655585212,0.09260451983578451,-4.69,-3.73,-60.4522446771729,-81.49347321364183,21.04,-61.637902242079846,1.19,0.21192,0.05588,-130.41,-130.28,-0.053,-0.88,0.61412,-0.479,-1.165,,,
ua610a,UAD,UA 610-A tube preamp,colour,preamp-tube,level_0.4,curve,,1.059,0.16792287848322407,,-5.22,-4.01,-54.621131610556006,-71.32729336746917,16.71,-55.936170190172646,1.32,,,,,,,,-0.48,-1.164,,,
ua610a,UAD,UA 610-A tube preamp,colour,preamp-tube,level_0.6,full,,9.491,3.112838124580113,4.681382561740749,-13.56,-12.05,-28.36117280740059,-30.667787243358944,2.31,-35.68907206829313,7.33,13.17342,0.25662,-112.55,-87.36,-0.402,-2.289,0.31568,-0.857,-1.027,,,
ua610a,UAD,UA 610-A tube preamp,colour,preamp-tube,level_0.8,curve,,13.239,34.11007777068489,,-26.73,-25.45,-22.603531671087765,-9.94839877574315,-12.66,-22.487376643086357,-0.12,,,,,,,,-1.602,-0.043,,,
ua610a,UAD,UA 610-A tube preamp,colour,preamp-tube,level_1,full,,13.353,39.00889154823524,41.26293908705463,-33.57,-31.74,-27.713245054615502,-9.175879125503007,-18.54,-27.521731544280208,-0.19,179.72611,29.48881,-93.02,-47.62,-2.567,-2.719,0.06992,-1.629,0.046,,,
ua610a,UAD,UA 610-A tube preamp,colour,preamp-tube,matched_thd_0.1_pct,full,thd_0.1_pct,-5.755,0.09998429557675836,0.10608223477385638,-4.75,-3.76,-59.26290209241466,-79.96591760907252,20.7,-60.45425801540319,1.19,0.24312,0.06245,-127.98,-127.99,-0.053,-0.88,0.61436,-0.479,-1.165,,,
ua610a,UAD,UA 610-A tube preamp,colour,preamp-tube,matched_thd_1_pct,full,thd_1_pct,8.889,1.0202816086829152,1.9017932502794688,-12.05,-10.64,-34.88526247810651,-37.857117568855784,2.97,-43.0035566878949,8.12,5.48365,0.2243,-113.25,-106.77,-0.143,-2.124,0.34532,-0.729,-1.131,,,
ua610a,UAD,UA 610-A tube preamp,colour,preamp-tube,matched_thd_3_pct,full,thd_3_pct,9.484,3.075754952270929,4.642607340404368,-13.55,-12.03,-28.428831381393373,-30.740205599909505,2.31,-35.80437777415456,7.38,13.05161,0.2561,-112.53,-88.03,-0.397,-2.286,0.31606,-0.855,-1.029,,,
ua610b,UAD,UA 610-B tube preamp,colour,preamp-tube,level_0,full,,-60.27,0.013918432265108265,0.018239115927767034,0.46,1.59,-76.76804948017752,-86.16587933440084,9.4,-77.12658909299554,0.36,0.0319,0.0115,-200.0,-149.47,-0.122,-0.29,0.85488,0.255,-0.632,,,
ua610b,UAD,UA 610-B tube preamp,colour,preamp-tube,level_10,full,,26.337,28.799493938680108,29.030175249691368,-25.45,-23.03,-17.137738595381308,-12.872897993385472,-4.26,-17.089869094965913,-0.05,109.68214,21.29153,-95.96,-44.67,-2.19,-1.831,0.11699,0.116,-0.138,,,
ua610b,UAD,UA 610-B tube preamp,colour,preamp-tube,level_2.5,curve,,-3.859,0.047903409920748534,,0.34,1.51,-66.26351864018113,-91.23466773830344,24.97,-66.56189032252425,0.3,,,,,,,,0.255,-0.626,,,
ua610b,UAD,UA 610-B tube preamp,colour,preamp-tube,level_5,full,,8.076,0.15383725835108364,0.1572970557076059,-1.39,0.92,-56.09341309331622,-78.8668448530897,22.77,-56.425454795867665,0.33,0.35782,0.09378,-120.31,-119.32,-0.131,-0.305,0.85819,0.255,-0.626,,,
ua610b,UAD,UA 610-B tube preamp,colour,preamp-tube,level_7.5,curve,,19.094,0.8097335462789027,,-11.63,-9.72,-41.89608366832613,-51.64060078289345,9.74,-42.56459214739809,0.67,,,,,,,,0.251,-0.616,,,
ua610b,UAD,UA 610-B tube preamp,colour,preamp-tube,matched_thd_0.1_pct,full,thd_0.1_pct,4.212,0.09861313749791863,0.10047263730681259,0.04,1.34,-59.96792633641658,-89.0129038780386,29.04,-60.26444071133858,0.3,0.22697,0.06171,-123.8,-122.73,-0.129,-0.297,0.8593,0.255,-0.626,,,
ua610b,UAD,UA 610-B tube preamp,colour,preamp-tube,matched_thd_1_pct,full,thd_1_pct,19.857,1.0257665348951472,1.098838974776935,-12.11,-10.37,-39.90943215402928,-48.30107464716117,8.39,-40.756234005735614,0.85,2.45821,0.46102,-108.9,-103.98,-0.176,-1.993,0.48928,0.249,-0.611,,,
ua610b,UAD,UA 610-B tube preamp,colour,preamp-tube,matched_thd_3_pct,full,thd_3_pct,21.475,3.004914416892606,3.591805910664001,-14.3,-12.0,-31.119211707000723,-35.30887366727818,4.19,-33.30100441423313,2.18,6.88491,0.7195,-107.19,-96.44,-0.332,-2.272,0.40872,0.218,-0.544,,,
verve,UAD,Verve analogue machines,tape,tape-machine,machine_distort,curve,,-4.275,33.341182331948154,,-26.35,-25.15,-22.08144309142785,-10.039099710414305,-12.04,-22.031709872028195,-0.05,,,,,,,,-1.741,-0.062,,,
verve,UAD,Verve analogue machines,tape,tape-machine,machine_edge,curve,,1.1,0.007142786016028157,,-4.42,-3.82,-79.38037176416444,-79.17048032520368,-0.21,-90.40880636713324,11.03,,,,,,,,-0.188,0.141,,,
verve,UAD,Verve analogue machines,tape,tape-machine,machine_fire,curve,,-5.747,15.090973800387886,,-27.51,-24.33,-30.93618129298082,-10.729008197552917,-20.21,-74.73440004199216,43.8,,,,,,,,-3.325,-3.853,,,
verve,UAD,Verve analogue machines,tape,tape-machine,machine_glow,curve,,0.323,0.18211753122321003,,-7.55,-6.11,-53.68430905420289,-66.1858979804277,12.5,-55.66773481647117,1.98,,,,,,,,-0.63,-1.162,,,
verve,UAD,Verve analogue machines,tape,tape-machine,machine_overdrive,full,,-16.72,16.447969781788576,5.3346800206576654,-32.89,-25.47,-76.09745514106056,-29.80363918950047,-46.29,-73.16673845616579,-2.93,472.60619,0.18558,-200.0,-22.25,-8.324,-11.918,0.06186,-12.793,-8.414,0.61453,0.37839,-0.0077
verve,UAD,Verve analogue machines,tape,tape-machine,machine_sputter,curve,,-8.051,68.60004174080544,,-28.44,-27.83,-3.880386648325641,-12.894463767931851,9.01,-3.7337492678523523,-0.15,,,,,,,,0.779,-1.107,,,
verve,UAD,Verve analogue machines,tape,tape-machine,machine_sweeten,curve,,0.642,0.7755424518394693,,0.75,,-50.59465641338305,-41.96636401638405,-8.63,-65.82366059798578,15.23,,,,,,,,1.319,1.618,,,
verve,UAD,Verve analogue machines,tape,tape-machine,machine_thicken,full,,-4.59,2.0530539114980244,0.8485655355929352,-18.02,-9.0,-72.50553260230583,-44.52489536081739,-27.98,-79.53374119524659,7.03,6.97272,0.58034,-200.0,-35.31,-1.393,-1.838,0.20638,-18.083,-21.463,0.24487,0.16059,0.0041
verve,UAD,Verve analogue machines,tape,tape-machine,machine_vintagize,curve,,0.699,1.6900851200008755,,-16.09,-7.95,-57.36233282259963,-48.6032680683772,-8.76,-67.00534675885463,9.64,,,,,,,,-11.596,-36.235,,,
verve,UAD,Verve analogue machines,tape,tape-machine,machine_warm,full,,1.545,0.9343533530245539,1.2941524832827997,-11.79,-8.26,-38.245113699536695,-40.09701993247586,1.85,-58.08733945223942,19.84,5.23047,17.5845,-200.0,-144.23,-0.589,-0.982,0.13065,-0.084,-10.139,0.0,0.0,-0.0
verve,UAD,Verve analogue machines,tape,tape-machine,matched_thd_1_pct,full,thd_1_pct,1.566,1.0072716216228887,1.3600649491038173,-12.02,-8.48,-38.05953635826381,-39.44959204854286,1.39,-57.9296104238479,19.87,5.53048,18.05753,-200.0,-143.52,-0.592,-0.999,0.12875,-0.115,-10.224,0.0,0.0,0.0
verve,UAD,Verve analogue machines,tape,tape-machine,matched_thd_3_pct,full,thd_3_pct,1.911,2.9816629692071115,3.231639251043726,-15.4,-11.98,-35.026233265570916,-30.117629554425577,-4.91,-55.58309814851724,20.56,13.70684,26.68238,-200.0,-144.28,-0.674,-1.161,0.09884,-0.842,-11.971,0.0,0.0,0.0
