slug,maker,models,group,setting,level_dbfs,crest_in_db,crest_out_db,crest_change_db,slew_index,click_peak_gain_db,tone_gain_db,square_slope_ratio,sine_slope_ratio
api_vision,UAD,API 1608 console channel,console-api,line_gain_0,-12.0,36.224,36.299,0.075,0.85579,9.146,9.194,2.58369,3.01907
api_vision,UAD,API 1608 console channel,console-api,line_gain_0,-24.0,36.224,36.302,0.077,0.85998,9.136,9.184,2.58076,3.00097
api_vision,UAD,API 1608 console channel,console-api,line_gain_0,-3.0,36.224,36.298,0.074,0.85598,9.148,9.196,2.58448,3.01933
api_vision,UAD,API 1608 console channel,console-api,line_gain_0,-6.0,36.224,36.298,0.074,0.85594,9.147,9.196,2.58426,3.01919
api_vision,UAD,API 1608 console channel,console-api,line_gain_12,-12.0,36.224,36.293,0.069,0.8495,21.134,21.176,10.23827,12.05214
api_vision,UAD,API 1608 console channel,console-api,line_gain_12,-24.0,36.224,36.294,0.07,0.84927,21.132,21.174,10.23428,12.05066
api_vision,UAD,API 1608 console channel,console-api,line_gain_12,-3.0,36.224,34.675,-1.55,0.38948,15.223,15.25,4.68321,12.02431
api_vision,UAD,API 1608 console channel,console-api,line_gain_12,-6.0,36.224,35.318,-0.907,0.53788,18.271,18.217,6.46786,12.02483
api_vision,UAD,API 1608 console channel,console-api,line_gain_6,-12.0,36.224,36.296,0.071,0.85163,15.137,15.179,5.13884,6.0341
api_vision,UAD,API 1608 console channel,console-api,line_gain_6,-24.0,36.224,36.297,0.073,0.8521,15.132,15.174,5.13571,6.02712
api_vision,UAD,API 1608 console channel,console-api,line_gain_6,-3.0,36.224,36.23,0.005,0.73087,15.024,15.161,4.41053,6.03463
api_vision,UAD,API 1608 console channel,console-api,line_gain_6,-6.0,36.224,36.295,0.071,0.85173,15.138,15.18,5.13969,6.03441
bx_console_n,Brainworx,Neve VXS console channel,console-neve,thd_-30,-12.0,36.224,36.207,-0.017,0.98745,2.965,2.965,1.40685,1.42473
bx_console_n,Brainworx,Neve VXS console channel,console-neve,thd_-30,-24.0,36.224,36.227,0.002,0.98683,3.049,3.049,1.42048,1.43943
bx_console_n,Brainworx,Neve VXS console channel,console-neve,thd_-30,-3.0,36.224,36.083,-0.142,0.92957,2.411,2.411,1.31996,1.41997
bx_console_n,Brainworx,Neve VXS console channel,console-neve,thd_-30,-6.0,36.224,36.152,-0.072,0.96228,2.721,2.721,1.36795,1.42158
bx_console_n,Brainworx,Neve VXS console channel,console-neve,thd_-60,-12.0,36.224,36.225,0.0,0.99657,0.001,0.002,1.00019,1.00362
bx_console_n,Brainworx,Neve VXS console channel,console-neve,thd_-60,-24.0,36.224,36.226,0.002,0.9873,0.009,0.01,1.00104,1.01392
bx_console_n,Brainworx,Neve VXS console channel,console-neve,thd_-60,-3.0,36.224,36.221,-0.003,0.99691,-0.015,-0.015,0.9983,1.0014
bx_console_n,Brainworx,Neve VXS console channel,console-neve,thd_-60,-6.0,36.224,36.224,-0.001,0.99744,-0.006,-0.006,0.99932,1.00189
frontdaw_british,Sonimus,British console style,style-frontdaw,matched_thd_0.1_pct,-12.0,36.224,36.186,-0.038,0.99353,0.367,0.76,1.04979,1.05662
frontdaw_british,Sonimus,British console style,style-frontdaw,matched_thd_0.1_pct,-24.0,36.224,36.192,-0.032,0.99681,0.391,0.796,1.05334,1.05672
frontdaw_british,Sonimus,British console style,style-frontdaw,matched_thd_0.1_pct,-3.0,36.224,36.137,-0.088,0.97098,0.159,0.546,1.02495,1.05558
frontdaw_british,Sonimus,British console style,style-frontdaw,matched_thd_0.1_pct,-6.0,36.224,36.165,-0.06,0.98376,0.278,0.663,1.03869,1.05584
frontdaw_british,Sonimus,British console style,style-frontdaw,mojo_0,-12.0,36.224,36.192,-0.032,0.99695,-0.063,0.346,0.99994,1.003
frontdaw_british,Sonimus,British console style,style-frontdaw,mojo_0,-24.0,36.224,36.192,-0.032,0.99695,-0.063,0.346,0.99994,1.003
frontdaw_british,Sonimus,British console style,style-frontdaw,mojo_0,-3.0,36.224,36.192,-0.032,0.99695,-0.063,0.346,0.99994,1.003
frontdaw_british,Sonimus,British console style,style-frontdaw,mojo_0,-6.0,36.224,36.192,-0.032,0.99695,-0.063,0.346,0.99994,1.003
frontdaw_british,Sonimus,British console style,style-frontdaw,mojo_100,-12.0,36.224,36.147,-0.077,0.97384,3.688,3.972,1.53028,1.57139
frontdaw_british,Sonimus,British console style,style-frontdaw,mojo_100,-24.0,36.224,36.194,-0.031,1.00308,3.746,4.181,1.56822,1.56341
frontdaw_british,Sonimus,British console style,style-frontdaw,mojo_100,-3.0,36.224,35.709,-0.516,0.80517,2.052,2.271,1.26512,1.57124
frontdaw_british,Sonimus,British console style,style-frontdaw,mojo_100,-6.0,36.224,35.977,-0.247,0.90476,3.017,3.229,1.41329,1.56206
frontdaw_british,Sonimus,British console style,style-frontdaw,mojo_50,-12.0,36.224,36.166,-0.058,0.98214,2.001,2.35,1.26505,1.28806
frontdaw_british,Sonimus,British console style,style-frontdaw,mojo_50,-24.0,36.224,36.192,-0.033,0.99419,2.118,2.508,1.28145,1.28893
frontdaw_british,Sonimus,British console style,style-frontdaw,mojo_50,-3.0,36.224,35.923,-0.302,0.88192,1.058,1.361,1.13284,1.28451
frontdaw_british,Sonimus,British console style,style-frontdaw,mojo_50,-6.0,36.224,36.065,-0.159,0.93959,1.615,1.909,1.20556,1.28306
nls_mike,Waves,SSL 4000 G+ console channel,console-ssl,drive_0,-12.0,36.224,36.135,-0.09,0.97212,-0.248,0.268,0.95795,0.98542
nls_mike,Waves,SSL 4000 G+ console channel,console-ssl,drive_0,-24.0,36.224,36.114,-0.11,0.93963,-0.339,0.252,0.92355,0.98289
nls_mike,Waves,SSL 4000 G+ console channel,console-ssl,drive_0,-3.0,36.224,36.166,-0.058,1.00291,-0.104,0.3,0.99355,0.99066
nls_mike,Waves,SSL 4000 G+ console channel,console-ssl,drive_0,-6.0,36.224,36.154,-0.07,0.99318,-0.159,0.286,0.9817,0.98843
nls_mike,Waves,SSL 4000 G+ console channel,console-ssl,drive_12,-12.0,36.224,34.804,-1.42,0.77836,7.391,9.054,2.20591,2.83405
nls_mike,Waves,SSL 4000 G+ console channel,console-ssl,drive_12,-24.0,36.224,35.162,-1.063,0.6159,7.683,9.379,1.64787,2.67554
nls_mike,Waves,SSL 4000 G+ console channel,console-ssl,drive_12,-3.0,36.224,29.886,-6.339,0.26107,-1.055,0.833,0.79907,3.06078
nls_mike,Waves,SSL 4000 G+ console channel,console-ssl,drive_12,-6.0,36.224,32.106,-4.118,0.36713,1.938,3.708,1.12871,3.07445
nls_mike,Waves,SSL 4000 G+ console channel,console-ssl,drive_6,-12.0,36.224,35.632,-0.593,0.83865,0.373,1.577,0.9391,1.11978
nls_mike,Waves,SSL 4000 G+ console channel,console-ssl,drive_6,-24.0,36.224,35.71,-0.515,0.72423,0.216,1.507,0.80388,1.10998
nls_mike,Waves,SSL 4000 G+ console channel,console-ssl,drive_6,-3.0,36.224,35.312,-0.912,0.86412,-0.164,0.914,1.00486,1.16288
nls_mike,Waves,SSL 4000 G+ console channel,console-ssl,drive_6,-6.0,36.224,35.7,-0.524,0.91172,0.672,1.655,1.03431,1.13446
nls_mike,Waves,SSL 4000 G+ console channel,console-ssl,matched_thd_0.1_pct,-12.0,36.224,36.077,-0.148,0.95277,0.051,0.671,0.98062,1.02923
nls_mike,Waves,SSL 4000 G+ console channel,console-ssl,matched_thd_0.1_pct,-24.0,36.224,36.046,-0.178,0.90886,-0.076,0.648,0.93218,1.02566
nls_mike,Waves,SSL 4000 G+ console channel,console-ssl,matched_thd_0.1_pct,-3.0,36.224,36.123,-0.101,0.99496,0.25,0.716,1.03143,1.03666
nls_mike,Waves,SSL 4000 G+ console channel,console-ssl,matched_thd_0.1_pct,-6.0,36.224,36.106,-0.119,0.98134,0.173,0.697,1.01421,1.03349
nls_mike,Waves,SSL 4000 G+ console channel,console-ssl,matched_thd_1_pct,-12.0,36.224,35.29,-0.935,0.82443,6.907,8.252,1.96479,2.3832
nls_mike,Waves,SSL 4000 G+ console channel,console-ssl,matched_thd_1_pct,-24.0,36.224,35.324,-0.9,0.64142,6.424,8.016,1.47268,2.29597
nls_mike,Waves,SSL 4000 G+ console channel,console-ssl,matched_thd_1_pct,-3.0,36.224,31.54,-4.685,0.32855,-0.763,0.955,0.84903,2.58417
nls_mike,Waves,SSL 4000 G+ console channel,console-ssl,matched_thd_1_pct,-6.0,36.224,33.225,-3.0,0.47306,2.232,3.745,1.19929,2.53516
nls_mike,Waves,SSL 4000 G+ console channel,console-ssl,matched_thd_3_pct,-12.0,36.224,35.175,-1.049,0.79871,7.566,8.986,2.11279,2.64526
nls_mike,Waves,SSL 4000 G+ console channel,console-ssl,matched_thd_3_pct,-24.0,36.224,35.226,-0.999,0.62544,7.233,8.89,1.58405,2.53269
nls_mike,Waves,SSL 4000 G+ console channel,console-ssl,matched_thd_3_pct,-3.0,36.224,30.532,-5.693,0.27598,-0.943,0.894,0.81431,2.95063
nls_mike,Waves,SSL 4000 G+ console channel,console-ssl,matched_thd_3_pct,-6.0,36.224,32.567,-3.657,0.40432,2.051,3.744,1.15025,2.84487
nls_nevo,Waves,Neve 5116 console channel,console-neve,drive_0,-12.0,36.224,36.247,0.022,0.98475,-0.024,0.021,1.00175,1.01727
nls_nevo,Waves,Neve 5116 console channel,console-neve,drive_0,-24.0,36.224,36.247,0.022,0.98463,-0.024,0.021,1.00163,1.01726
nls_nevo,Waves,Neve 5116 console channel,console-neve,drive_0,-3.0,36.224,36.247,0.022,0.98492,-0.023,0.021,1.00194,1.01728
nls_nevo,Waves,Neve 5116 console channel,console-neve,drive_0,-6.0,36.224,36.247,0.022,0.98486,-0.024,0.021,1.00187,1.01728
nls_nevo,Waves,Neve 5116 console channel,console-neve,drive_12,-12.0,36.224,35.901,-0.324,1.0002,5.747,5.902,1.99485,1.99446
nls_nevo,Waves,Neve 5116 console channel,console-neve,drive_12,-24.0,36.224,35.896,-0.329,0.9912,5.717,5.886,1.97626,1.9938
nls_nevo,Waves,Neve 5116 console channel,console-neve,drive_12,-3.0,36.224,34.293,-1.931,0.62355,0.513,3.2,1.2496,2.00399
nls_nevo,Waves,Neve 5116 console channel,console-neve,drive_12,-6.0,36.224,34.657,-1.567,0.88462,3.108,5.866,1.7651,1.99531
nls_nevo,Waves,Neve 5116 console channel,console-neve,drive_6,-12.0,36.224,36.245,0.02,0.98649,1.394,1.46,1.18252,1.19872
nls_nevo,Waves,Neve 5116 console channel,console-neve,drive_6,-24.0,36.224,36.245,0.02,0.98532,1.391,1.458,1.18107,1.19867
nls_nevo,Waves,Neve 5116 console channel,console-neve,drive_6,-3.0,36.224,35.866,-0.359,0.95872,0.641,1.461,1.14934,1.19884
nls_nevo,Waves,Neve 5116 console channel,console-neve,drive_6,-6.0,36.224,36.245,0.02,0.98743,1.398,1.462,1.18371,1.19878
nls_nevo,Waves,Neve 5116 console channel,console-neve,matched_thd_0.1_pct,-12.0,36.224,35.984,-0.241,0.99815,5.488,5.631,1.92995,1.93352
nls_nevo,Waves,Neve 5116 console channel,console-neve,matched_thd_0.1_pct,-24.0,36.224,35.981,-0.244,0.99029,5.462,5.618,1.91421,1.93298
nls_nevo,Waves,Neve 5116 console channel,console-neve,matched_thd_0.1_pct,-3.0,36.224,34.422,-1.803,0.64631,0.56,3.194,1.25425,1.94064
nls_nevo,Waves,Neve 5116 console channel,console-neve,matched_thd_0.1_pct,-6.0,36.224,34.917,-1.308,0.90149,3.189,5.607,1.74369,1.93424
nls_spike,Waves,EMI TG12345 console channel,console-emi,drive_0,-12.0,36.224,36.215,-0.01,0.92158,-0.143,-0.069,0.9142,0.99199
nls_spike,Waves,EMI TG12345 console channel,console-emi,drive_0,-24.0,36.224,36.214,-0.011,0.92143,-0.153,-0.068,0.91363,0.99154
nls_spike,Waves,EMI TG12345 console channel,console-emi,drive_0,-3.0,36.224,36.216,-0.008,0.92168,-0.126,-0.07,0.91521,0.99298
nls_spike,Waves,EMI TG12345 console channel,console-emi,drive_0,-6.0,36.224,36.216,-0.009,0.92167,-0.133,-0.069,0.9148,0.99255
nls_spike,Waves,EMI TG12345 console channel,console-emi,drive_12,-12.0,36.224,36.263,0.039,0.92807,5.734,5.775,1.76008,1.89649
nls_spike,Waves,EMI TG12345 console channel,console-emi,drive_12,-24.0,36.224,36.235,0.01,0.9248,5.411,5.469,1.72264,1.86272
nls_spike,Waves,EMI TG12345 console channel,console-emi,drive_12,-3.0,36.224,36.283,0.058,0.90502,6.169,6.205,1.77632,1.96275
nls_spike,Waves,EMI TG12345 console channel,console-emi,drive_12,-6.0,36.224,36.278,0.054,0.92609,6.012,6.05,1.79215,1.93517
nls_spike,Waves,EMI TG12345 console channel,console-emi,drive_6,-12.0,36.224,36.227,0.003,0.92352,0.846,0.899,1.01965,1.10409
nls_spike,Waves,EMI TG12345 console channel,console-emi,drive_6,-24.0,36.224,36.219,-0.005,0.92223,0.764,0.828,1.01409,1.09961
nls_spike,Waves,EMI TG12345 console channel,console-emi,drive_6,-3.0,36.224,36.238,0.014,0.92389,0.986,1.029,1.02898,1.11374
nls_spike,Waves,EMI TG12345 console channel,console-emi,drive_6,-6.0,36.224,36.234,0.01,0.92407,0.93,0.978,1.02532,1.10957
nls_spike,Waves,EMI TG12345 console channel,console-emi,matched_thd_0.1_pct,-12.0,36.224,36.217,-0.007,0.92195,0.377,0.434,0.96979,1.0519
nls_spike,Waves,EMI TG12345 console channel,console-emi,matched_thd_0.1_pct,-24.0,36.224,36.215,-0.01,0.92158,0.354,0.435,0.96832,1.05072
nls_spike,Waves,EMI TG12345 console channel,console-emi,matched_thd_0.1_pct,-3.0,36.224,36.22,-0.004,0.92213,0.418,0.471,0.97235,1.05446
nls_spike,Waves,EMI TG12345 console channel,console-emi,matched_thd_0.1_pct,-6.0,36.224,36.219,-0.005,0.92214,0.401,0.456,0.97133,1.05335
nls_spike,Waves,EMI TG12345 console channel,console-emi,matched_thd_1_pct,-12.0,36.224,36.248,0.024,0.92633,4.39,4.433,1.51889,1.63968
nls_spike,Waves,EMI TG12345 console channel,console-emi,matched_thd_1_pct,-24.0,36.224,36.228,0.003,0.92367,4.17,4.229,1.49687,1.62057
nls_spike,Waves,EMI TG12345 console channel,console-emi,matched_thd_1_pct,-3.0,36.224,36.266,0.042,0.92382,4.709,4.745,1.55055,1.67841
nls_spike,Waves,EMI TG12345 console channel,console-emi,matched_thd_1_pct,-6.0,36.224,36.261,0.037,0.92584,4.59,4.627,1.53883,1.66208
nlsbuss_mike,Waves,SSL 4000 G+ console buss,console-ssl,drive_0,-12.0,36.224,36.262,0.038,1.01341,0.229,0.732,1.06418,1.0501
nlsbuss_mike,Waves,SSL 4000 G+ console buss,console-ssl,drive_0,-24.0,36.224,36.239,0.015,0.99697,0.163,0.715,1.04449,1.04767
nlsbuss_mike,Waves,SSL 4000 G+ console buss,console-ssl,drive_0,-3.0,36.224,36.302,0.077,1.03784,0.353,0.769,1.09564,1.05569
nlsbuss_mike,Waves,SSL 4000 G+ console buss,console-ssl,drive_0,-6.0,36.224,36.286,0.062,1.02805,0.302,0.753,1.08276,1.05321
nlsbuss_mike,Waves,SSL 4000 G+ console buss,console-ssl,drive_12,-12.0,36.224,35.822,-0.403,1.11957,6.516,7.533,2.44825,2.18677
nlsbuss_mike,Waves,SSL 4000 G+ console buss,console-ssl,drive_12,-24.0,36.224,35.897,-0.328,0.46877,6.125,7.558,1.013,2.161
nlsbuss_mike,Waves,SSL 4000 G+ console buss,console-ssl,drive_12,-3.0,36.224,32.65,-3.574,0.38673,-0.957,1.844,1.23201,3.1857
nlsbuss_mike,Waves,SSL 4000 G+ console buss,console-ssl,drive_12,-6.0,36.224,33.96,-2.264,0.55452,2.045,4.645,1.74026,3.13831
nlsbuss_mike,Waves,SSL 4000 G+ console buss,console-ssl,drive_6,-12.0,36.224,35.756,-0.468,0.86889,0.188,1.54,0.95743,1.1019
nlsbuss_mike,Waves,SSL 4000 G+ console buss,console-ssl,drive_6,-24.0,36.224,35.82,-0.404,0.8039,0.1,1.47,0.88134,1.09632
nlsbuss_mike,Waves,SSL 4000 G+ console buss,console-ssl,drive_6,-3.0,36.224,35.904,-0.321,1.0023,0.629,1.194,1.16163,1.15897
nlsbuss_mike,Waves,SSL 4000 G+ console buss,console-ssl,drive_6,-6.0,36.224,35.824,-0.401,0.92931,0.427,1.622,1.03063,1.10902
nlsbuss_mike,Waves,SSL 4000 G+ console buss,console-ssl,matched_thd_0.1_pct,-12.0,36.224,36.158,-0.067,1.0098,0.5,1.196,1.07806,1.0676
nlsbuss_mike,Waves,SSL 4000 G+ console buss,console-ssl,matched_thd_0.1_pct,-24.0,36.224,36.118,-0.106,0.98102,0.392,1.168,1.04582,1.06605
nlsbuss_mike,Waves,SSL 4000 G+ console buss,console-ssl,matched_thd_0.1_pct,-3.0,36.224,36.226,0.001,1.07038,0.7,1.255,1.14917,1.0736
nlsbuss_mike,Waves,SSL 4000 G+ console buss,console-ssl,matched_thd_0.1_pct,-6.0,36.224,36.199,-0.026,1.03519,0.619,1.23,1.10865,1.07095
nlsbuss_mike,Waves,SSL 4000 G+ console buss,console-ssl,matched_thd_1_pct,-12.0,36.224,35.824,-0.4,1.09469,6.432,7.56,2.37297,2.1677
nlsbuss_mike,Waves,SSL 4000 G+ console buss,console-ssl,matched_thd_1_pct,-24.0,36.224,35.902,-0.323,0.47854,6.053,7.485,1.02568,2.14336
nlsbuss_mike,Waves,SSL 4000 G+ console buss,console-ssl,matched_thd_1_pct,-3.0,36.224,32.755,-3.469,0.39276,-0.891,1.841,1.23119,3.13473
nlsbuss_mike,Waves,SSL 4000 G+ console buss,console-ssl,matched_thd_1_pct,-6.0,36.224,34.012,-2.213,0.56391,2.111,4.635,1.73911,3.08401
nlsbuss_nevo,Waves,Neve 5116 console buss,console-neve,drive_0,-12.0,36.224,36.23,0.005,0.98492,0.018,0.116,0.99703,1.01229
nlsbuss_nevo,Waves,Neve 5116 console buss,console-neve,drive_0,-24.0,36.224,36.23,0.005,0.98497,0.018,0.117,0.997,1.01222
nlsbuss_nevo,Waves,Neve 5116 console buss,console-neve,drive_0,-3.0,36.224,36.23,0.005,0.98487,0.019,0.116,0.99703,1.01235
nlsbuss_nevo,Waves,Neve 5116 console buss,console-neve,drive_0,-6.0,36.224,36.23,0.005,0.98488,0.019,0.116,0.99703,1.01233
nlsbuss_nevo,Waves,Neve 5116 console buss,console-neve,drive_12,-12.0,36.224,36.236,0.012,0.98863,6.423,6.444,2.08328,2.10724
nlsbuss_nevo,Waves,Neve 5116 console buss,console-neve,drive_12,-24.0,36.224,36.238,0.013,0.99137,6.407,6.428,2.08189,2.10001
nlsbuss_nevo,Waves,Neve 5116 console buss,console-neve,drive_12,-3.0,36.224,36.025,-0.2,0.94471,6.108,6.093,1.99497,2.11173
nlsbuss_nevo,Waves,Neve 5116 console buss,console-neve,drive_12,-6.0,36.224,36.235,0.011,0.98718,6.426,6.447,2.08342,2.11047
nlsbuss_nevo,Waves,Neve 5116 console buss,console-neve,drive_6,-12.0,36.224,36.232,0.007,0.98562,1.533,1.61,1.18712,1.20444
nlsbuss_nevo,Waves,Neve 5116 console buss,console-neve,drive_6,-24.0,36.224,36.231,0.007,0.98593,1.53,1.612,1.1868,1.20374
nlsbuss_nevo,Waves,Neve 5116 console buss,console-neve,drive_6,-3.0,36.224,36.232,0.007,0.98524,1.534,1.609,1.18719,1.20498
nlsbuss_nevo,Waves,Neve 5116 console buss,console-neve,drive_6,-6.0,36.224,36.232,0.007,0.98536,1.534,1.609,1.18718,1.20482
nlsbuss_nevo,Waves,Neve 5116 console buss,console-neve,matched_thd_0.1_pct,-12.0,36.224,36.232,0.008,0.98602,2.662,2.725,1.35196,1.37113
nlsbuss_nevo,Waves,Neve 5116 console buss,console-neve,matched_thd_0.1_pct,-24.0,36.224,36.232,0.008,0.98653,2.657,2.729,1.35147,1.36992
nlsbuss_nevo,Waves,Neve 5116 console buss,console-neve,matched_thd_0.1_pct,-3.0,36.224,36.233,0.008,0.98546,2.664,2.724,1.35207,1.37202
nlsbuss_nevo,Waves,Neve 5116 console buss,console-neve,matched_thd_0.1_pct,-6.0,36.224,36.233,0.008,0.98563,2.664,2.724,1.35204,1.37175
nlsbuss_spike,Waves,EMI TG12345 console buss,console-emi,drive_0,-12.0,36.224,36.32,0.095,0.97252,0.538,0.348,1.01626,1.04498
nlsbuss_spike,Waves,EMI TG12345 console buss,console-emi,drive_0,-24.0,36.224,36.295,0.071,0.97666,0.393,0.262,1.00671,1.03077
nlsbuss_spike,Waves,EMI TG12345 console buss,console-emi,drive_0,-3.0,36.224,36.323,0.098,0.96351,0.603,0.399,1.01869,1.05727
nlsbuss_spike,Waves,EMI TG12345 console buss,console-emi,drive_0,-6.0,36.224,36.323,0.098,0.96612,0.586,0.385,1.01817,1.05388
nlsbuss_spike,Waves,EMI TG12345 console buss,console-emi,drive_12,-12.0,36.224,36.48,0.255,0.95324,7.905,7.311,2.29715,2.40983
nlsbuss_spike,Waves,EMI TG12345 console buss,console-emi,drive_12,-24.0,36.224,36.449,0.225,0.99902,7.488,7.004,2.2522,2.25441
nlsbuss_spike,Waves,EMI TG12345 console buss,console-emi,drive_12,-3.0,36.224,36.469,0.245,0.9329,8.041,7.436,2.30563,2.47148
nlsbuss_spike,Waves,EMI TG12345 console buss,console-emi,drive_12,-6.0,36.224,36.473,0.249,0.93751,8.008,7.404,2.30389,2.45746
nlsbuss_spike,Waves,EMI TG12345 console buss,console-emi,drive_6,-12.0,36.224,36.404,0.18,0.97173,2.422,2.033,1.24742,1.28371
nlsbuss_spike,Waves,EMI TG12345 console buss,console-emi,drive_6,-24.0,36.224,36.355,0.13,0.99338,2.082,1.819,1.22192,1.23006
nlsbuss_spike,Waves,EMI TG12345 console buss,console-emi,drive_6,-3.0,36.224,36.405,0.181,0.95147,2.562,2.148,1.25339,1.31732
nlsbuss_spike,Waves,EMI TG12345 console buss,console-emi,drive_6,-6.0,36.224,36.407,0.182,0.95695,2.527,2.117,1.25213,1.30846
nlsbuss_spike,Waves,EMI TG12345 console buss,console-emi,matched_thd_1_pct,-12.0,36.224,36.35,0.125,0.97253,1.343,1.084,1.11052,1.14189
nlsbuss_spike,Waves,EMI TG12345 console buss,console-emi,matched_thd_1_pct,-24.0,36.224,36.315,0.091,0.98227,1.129,0.955,1.09564,1.11541
nlsbuss_spike,Waves,EMI TG12345 console buss,console-emi,matched_thd_1_pct,-3.0,36.224,36.352,0.127,0.95944,1.436,1.159,1.11417,1.16126
nlsbuss_spike,Waves,EMI TG12345 console buss,console-emi,matched_thd_1_pct,-6.0,36.224,36.352,0.128,0.96312,1.412,1.138,1.11339,1.15603
nlsbuss_spike,Waves,EMI TG12345 console buss,console-emi,matched_thd_3_pct,-12.0,36.224,36.47,0.246,0.95597,7.254,6.688,2.13758,2.23603
nlsbuss_spike,Waves,EMI TG12345 console buss,console-emi,matched_thd_3_pct,-24.0,36.224,36.436,0.212,0.99912,6.844,6.391,2.0952,2.09704
nlsbuss_spike,Waves,EMI TG12345 console buss,console-emi,matched_thd_3_pct,-3.0,36.224,36.461,0.236,0.93534,7.391,6.813,2.14573,2.29406
nlsbuss_spike,Waves,EMI TG12345 console buss,console-emi,matched_thd_3_pct,-6.0,36.224,36.465,0.24,0.94011,7.358,6.781,2.14405,2.28065
ssl_ev2,Waves,SSL 4000 E console channel,console-ssl,analog_off,-12.0,36.224,36.259,0.035,0.9798,0.033,0.003,0.98019,1.0004
ssl_ev2,Waves,SSL 4000 E console channel,console-ssl,analog_off,-24.0,36.224,36.259,0.035,0.9798,0.033,0.003,0.98019,1.0004
ssl_ev2,Waves,SSL 4000 E console channel,console-ssl,analog_off,-3.0,36.224,36.259,0.035,0.9798,0.033,0.003,0.98019,1.0004
ssl_ev2,Waves,SSL 4000 E console channel,console-ssl,analog_off,-6.0,36.224,36.259,0.035,0.9798,0.033,0.003,0.98019,1.0004
ssl_ev2,Waves,SSL 4000 E console channel,console-ssl,line_0,-12.0,36.224,36.253,0.028,0.98432,0.042,0.117,0.9865,1.00221
ssl_ev2,Waves,SSL 4000 E console channel,console-ssl,line_0,-24.0,36.224,36.259,0.034,0.98025,0.033,0.023,0.98073,1.00048
ssl_ev2,Waves,SSL 4000 E console channel,console-ssl,line_0,-3.0,36.224,36.241,0.017,0.98509,0.082,0.249,0.99937,1.0145
ssl_ev2,Waves,SSL 4000 E console channel,console-ssl,line_0,-6.0,36.224,36.246,0.021,0.98656,0.063,0.195,0.99469,1.00825
ssl_ev2,Waves,SSL 4000 E console channel,console-ssl,line_10,-12.0,36.224,36.239,0.015,0.98395,0.09,0.269,1.00077,1.0171
ssl_ev2,Waves,SSL 4000 E console channel,console-ssl,line_10,-24.0,36.224,36.255,0.03,0.98314,0.039,0.098,0.98458,1.00146
ssl_ev2,Waves,SSL 4000 E console channel,console-ssl,line_10,-3.0,36.224,35.426,-0.798,0.62578,-1.796,-1.854,0.65715,1.05013
ssl_ev2,Waves,SSL 4000 E console channel,console-ssl,line_10,-6.0,36.224,36.225,0.001,0.89938,0.157,0.411,0.93173,1.03596
ssl_native,SSL,SSL 9000/4000 channel strip,console-ssl,default,-12.0,36.224,36.224,0.0,1.0,0.0,0.0,1.00002,1.00002
ssl_native,SSL,SSL 9000/4000 channel strip,console-ssl,default,-24.0,36.224,36.224,-0.0,1.0,0.0,0.0,1.00002,1.00002
ssl_native,SSL,SSL 9000/4000 channel strip,console-ssl,default,-3.0,36.224,36.224,0.0,1.0,0.0,0.0,1.00002,1.00002
ssl_native,SSL,SSL 9000/4000 channel strip,console-ssl,default,-6.0,36.224,36.224,-0.0,1.0,0.0,0.0,1.00002,1.00002
ssl_native,SSL,SSL 9000/4000 channel strip,console-ssl,trim_+10,-12.0,36.224,36.224,0.0,0.99863,0.0,2.724,1.36671,1.36858
ssl_native,SSL,SSL 9000/4000 channel strip,console-ssl,trim_+10,-24.0,36.224,36.224,-0.0,0.99999,0.0,2.728,1.36957,1.36958
ssl_native,SSL,SSL 9000/4000 channel strip,console-ssl,trim_+10,-3.0,36.224,36.224,0.0,0.99335,0.0,2.379,1.30603,1.31477
ssl_native,SSL,SSL 9000/4000 channel strip,console-ssl,trim_+10,-6.0,36.224,36.224,-0.0,0.99268,0.0,2.528,1.32757,1.33735
