slug,maker,models,group,element,gr_target_db,level_dbfs,out_db,gain_db,gr_db
1176a,UAD,UREI 1176 Rev A bluestripe,fet-1176,fet,10.0,-12.0,-20.016,-8.016,9.967
1176a,UAD,UREI 1176 Rev A bluestripe,fet-1176,fet,10.0,-15.0,-20.609,-5.609,7.56
1176a,UAD,UREI 1176 Rev A bluestripe,fet-1176,fet,10.0,-18.0,-21.28,-3.28,5.231
1176a,UAD,UREI 1176 Rev A bluestripe,fet-1176,fet,10.0,-21.0,-22.072,-1.072,3.023
1176a,UAD,UREI 1176 Rev A bluestripe,fet-1176,fet,10.0,-24.0,-23.152,0.848,1.103
1176a,UAD,UREI 1176 Rev A bluestripe,fet-1176,fet,10.0,-27.0,-25.05,1.95,0.001
1176a,UAD,UREI 1176 Rev A bluestripe,fet-1176,fet,10.0,-3.0,-18.463,-15.463,17.414
1176a,UAD,UREI 1176 Rev A bluestripe,fet-1176,fet,10.0,-30.0,-28.049,1.951,0.0
1176a,UAD,UREI 1176 Rev A bluestripe,fet-1176,fet,10.0,-36.0,-34.049,1.951,0.0
1176a,UAD,UREI 1176 Rev A bluestripe,fet-1176,fet,10.0,-42.0,-40.049,1.951,0.0
1176a,UAD,UREI 1176 Rev A bluestripe,fet-1176,fet,10.0,-48.0,-46.049,1.951,0.0
1176a,UAD,UREI 1176 Rev A bluestripe,fet-1176,fet,10.0,-54.0,-52.049,1.951,0.0
1176a,UAD,UREI 1176 Rev A bluestripe,fet-1176,fet,10.0,-6.0,-18.97,-12.97,14.921
1176a,UAD,UREI 1176 Rev A bluestripe,fet-1176,fet,10.0,-9.0,-19.465,-10.465,12.416
1176a,UAD,UREI 1176 Rev A bluestripe,fet-1176,fet,10.0,0.0,-17.921,-17.921,19.872
1176a,UAD,UREI 1176 Rev A bluestripe,fet-1176,fet,15.0,-12.0,-19.041,-7.041,14.583
1176a,UAD,UREI 1176 Rev A bluestripe,fet-1176,fet,15.0,-15.0,-19.536,-4.536,12.078
1176a,UAD,UREI 1176 Rev A bluestripe,fet-1176,fet,15.0,-18.0,-20.093,-2.093,9.635
1176a,UAD,UREI 1176 Rev A bluestripe,fet-1176,fet,15.0,-21.0,-20.695,0.305,7.237
1176a,UAD,UREI 1176 Rev A bluestripe,fet-1176,fet,15.0,-24.0,-21.379,2.621,4.921
1176a,UAD,UREI 1176 Rev A bluestripe,fet-1176,fet,15.0,-27.0,-22.199,4.801,2.741
1176a,UAD,UREI 1176 Rev A bluestripe,fet-1176,fet,15.0,-3.0,-17.518,-14.518,22.06
1176a,UAD,UREI 1176 Rev A bluestripe,fet-1176,fet,15.0,-30.0,-23.332,6.668,0.874
1176a,UAD,UREI 1176 Rev A bluestripe,fet-1176,fet,15.0,-36.0,-28.459,7.541,0.001
1176a,UAD,UREI 1176 Rev A bluestripe,fet-1176,fet,15.0,-42.0,-34.458,7.542,0.0
1176a,UAD,UREI 1176 Rev A bluestripe,fet-1176,fet,15.0,-48.0,-40.458,7.542,0.0
1176a,UAD,UREI 1176 Rev A bluestripe,fet-1176,fet,15.0,-54.0,-46.458,7.542,0.0
1176a,UAD,UREI 1176 Rev A bluestripe,fet-1176,fet,15.0,-6.0,-18.008,-12.008,19.55
1176a,UAD,UREI 1176 Rev A bluestripe,fet-1176,fet,15.0,-9.0,-18.532,-9.532,17.074
1176a,UAD,UREI 1176 Rev A bluestripe,fet-1176,fet,15.0,0.0,-17.001,-17.001,24.543
1176a,UAD,UREI 1176 Rev A bluestripe,fet-1176,fet,3.0,-12.0,-20.767,-8.767,6.974
1176a,UAD,UREI 1176 Rev A bluestripe,fet-1176,fet,3.0,-15.0,-21.462,-6.462,4.669
1176a,UAD,UREI 1176 Rev A bluestripe,fet-1176,fet,3.0,-18.0,-22.311,-4.311,2.518
1176a,UAD,UREI 1176 Rev A bluestripe,fet-1176,fet,3.0,-21.0,-23.489,-2.489,0.696
1176a,UAD,UREI 1176 Rev A bluestripe,fet-1176,fet,3.0,-24.0,-25.794,-1.794,0.001
1176a,UAD,UREI 1176 Rev A bluestripe,fet-1176,fet,3.0,-27.0,-28.793,-1.793,0.0
1176a,UAD,UREI 1176 Rev A bluestripe,fet-1176,fet,3.0,-3.0,-19.098,-16.098,14.305
1176a,UAD,UREI 1176 Rev A bluestripe,fet-1176,fet,3.0,-30.0,-31.793,-1.793,0.0
1176a,UAD,UREI 1176 Rev A bluestripe,fet-1176,fet,3.0,-36.0,-37.793,-1.793,0.0
1176a,UAD,UREI 1176 Rev A bluestripe,fet-1176,fet,3.0,-42.0,-43.793,-1.793,0.0
1176a,UAD,UREI 1176 Rev A bluestripe,fet-1176,fet,3.0,-48.0,-49.793,-1.793,0.0
1176a,UAD,UREI 1176 Rev A bluestripe,fet-1176,fet,3.0,-54.0,-55.793,-1.793,0.0
1176a,UAD,UREI 1176 Rev A bluestripe,fet-1176,fet,3.0,-6.0,-19.606,-13.606,11.813
1176a,UAD,UREI 1176 Rev A bluestripe,fet-1176,fet,3.0,-9.0,-20.157,-11.157,9.364
1176a,UAD,UREI 1176 Rev A bluestripe,fet-1176,fet,3.0,0.0,-18.585,-18.585,16.792
1176a,UAD,UREI 1176 Rev A bluestripe,fet-1176,fet,6.0,-12.0,-20.767,-8.767,6.974
1176a,UAD,UREI 1176 Rev A bluestripe,fet-1176,fet,6.0,-15.0,-21.462,-6.462,4.669
1176a,UAD,UREI 1176 Rev A bluestripe,fet-1176,fet,6.0,-18.0,-22.311,-4.311,2.518
1176a,UAD,UREI 1176 Rev A bluestripe,fet-1176,fet,6.0,-21.0,-23.489,-2.489,0.696
1176a,UAD,UREI 1176 Rev A bluestripe,fet-1176,fet,6.0,-24.0,-25.794,-1.794,0.001
1176a,UAD,UREI 1176 Rev A bluestripe,fet-1176,fet,6.0,-27.0,-28.793,-1.793,0.0
1176a,UAD,UREI 1176 Rev A bluestripe,fet-1176,fet,6.0,-3.0,-19.098,-16.098,14.305
1176a,UAD,UREI 1176 Rev A bluestripe,fet-1176,fet,6.0,-30.0,-31.793,-1.793,0.0
1176a,UAD,UREI 1176 Rev A bluestripe,fet-1176,fet,6.0,-36.0,-37.793,-1.793,0.0
1176a,UAD,UREI 1176 Rev A bluestripe,fet-1176,fet,6.0,-42.0,-43.793,-1.793,0.0
1176a,UAD,UREI 1176 Rev A bluestripe,fet-1176,fet,6.0,-48.0,-49.793,-1.793,0.0
1176a,UAD,UREI 1176 Rev A bluestripe,fet-1176,fet,6.0,-54.0,-55.793,-1.793,0.0
1176a,UAD,UREI 1176 Rev A bluestripe,fet-1176,fet,6.0,-6.0,-19.606,-13.606,11.813
1176a,UAD,UREI 1176 Rev A bluestripe,fet-1176,fet,6.0,-9.0,-20.157,-11.157,9.364
1176a,UAD,UREI 1176 Rev A bluestripe,fet-1176,fet,6.0,0.0,-18.585,-18.585,16.792
1176ae,UAD,UREI 1176AE anniversary,fet-1176,fet,10.0,-12.0,-28.116,-16.116,10.37
1176ae,UAD,UREI 1176AE anniversary,fet-1176,fet,10.0,-15.0,-28.584,-13.584,7.838
1176ae,UAD,UREI 1176AE anniversary,fet-1176,fet,10.0,-18.0,-29.108,-11.108,5.362
1176ae,UAD,UREI 1176AE anniversary,fet-1176,fet,10.0,-21.0,-29.774,-8.774,3.028
1176ae,UAD,UREI 1176AE anniversary,fet-1176,fet,10.0,-24.0,-30.635,-6.635,0.889
1176ae,UAD,UREI 1176AE anniversary,fet-1176,fet,10.0,-27.0,-32.769,-5.769,0.023
1176ae,UAD,UREI 1176AE anniversary,fet-1176,fet,10.0,-3.0,-26.845,-23.845,18.099
1176ae,UAD,UREI 1176AE anniversary,fet-1176,fet,10.0,-30.0,-35.762,-5.762,0.016
1176ae,UAD,UREI 1176AE anniversary,fet-1176,fet,10.0,-36.0,-41.753,-5.753,0.007
1176ae,UAD,UREI 1176AE anniversary,fet-1176,fet,10.0,-42.0,-47.749,-5.749,0.003
1176ae,UAD,UREI 1176AE anniversary,fet-1176,fet,10.0,-48.0,-53.747,-5.747,0.001
1176ae,UAD,UREI 1176AE anniversary,fet-1176,fet,10.0,-54.0,-59.746,-5.746,0.0
1176ae,UAD,UREI 1176AE anniversary,fet-1176,fet,10.0,-6.0,-27.258,-21.258,15.512
1176ae,UAD,UREI 1176AE anniversary,fet-1176,fet,10.0,-9.0,-27.66,-18.66,12.914
1176ae,UAD,UREI 1176AE anniversary,fet-1176,fet,10.0,0.0,-26.47,-26.47,20.724
1176ae,UAD,UREI 1176AE anniversary,fet-1176,fet,15.0,-12.0,-27.341,-15.341,14.994
1176ae,UAD,UREI 1176AE anniversary,fet-1176,fet,15.0,-15.0,-27.753,-12.753,12.406
1176ae,UAD,UREI 1176AE anniversary,fet-1176,fet,15.0,-18.0,-28.211,-10.211,9.864
1176ae,UAD,UREI 1176AE anniversary,fet-1176,fet,15.0,-21.0,-28.681,-7.681,7.334
1176ae,UAD,UREI 1176AE anniversary,fet-1176,fet,15.0,-24.0,-29.23,-5.23,4.883
1176ae,UAD,UREI 1176AE anniversary,fet-1176,fet,15.0,-27.0,-29.932,-2.932,2.585
1176ae,UAD,UREI 1176AE anniversary,fet-1176,fet,15.0,-3.0,-26.175,-23.175,22.828
1176ae,UAD,UREI 1176AE anniversary,fet-1176,fet,15.0,-30.0,-30.865,-0.865,0.518
1176ae,UAD,UREI 1176AE anniversary,fet-1176,fet,15.0,-36.0,-36.361,-0.361,0.014
1176ae,UAD,UREI 1176AE anniversary,fet-1176,fet,15.0,-42.0,-42.353,-0.353,0.006
1176ae,UAD,UREI 1176AE anniversary,fet-1176,fet,15.0,-48.0,-48.349,-0.349,0.002
1176ae,UAD,UREI 1176AE anniversary,fet-1176,fet,15.0,-54.0,-54.347,-0.347,0.0
1176ae,UAD,UREI 1176AE anniversary,fet-1176,fet,15.0,-6.0,-26.537,-20.537,20.19
1176ae,UAD,UREI 1176AE anniversary,fet-1176,fet,15.0,-9.0,-26.921,-17.921,17.574
1176ae,UAD,UREI 1176AE anniversary,fet-1176,fet,15.0,0.0,-25.731,-25.731,25.384
1176ae,UAD,UREI 1176AE anniversary,fet-1176,fet,3.0,-12.0,-29.25,-17.25,4.804
1176ae,UAD,UREI 1176AE anniversary,fet-1176,fet,3.0,-15.0,-29.959,-14.959,2.513
1176ae,UAD,UREI 1176AE anniversary,fet-1176,fet,3.0,-18.0,-30.916,-12.916,0.47
1176ae,UAD,UREI 1176AE anniversary,fet-1176,fet,3.0,-21.0,-33.468,-12.468,0.022
1176ae,UAD,UREI 1176AE anniversary,fet-1176,fet,3.0,-24.0,-36.462,-12.462,0.016
1176ae,UAD,UREI 1176AE anniversary,fet-1176,fet,3.0,-27.0,-39.457,-12.457,0.011
1176ae,UAD,UREI 1176AE anniversary,fet-1176,fet,3.0,-3.0,-27.768,-24.768,12.322
1176ae,UAD,UREI 1176AE anniversary,fet-1176,fet,3.0,-30.0,-42.454,-12.454,0.008
1176ae,UAD,UREI 1176AE anniversary,fet-1176,fet,3.0,-36.0,-48.45,-12.45,0.004
1176ae,UAD,UREI 1176AE anniversary,fet-1176,fet,3.0,-42.0,-54.448,-12.448,0.002
1176ae,UAD,UREI 1176AE anniversary,fet-1176,fet,3.0,-48.0,-60.447,-12.447,0.001
1176ae,UAD,UREI 1176AE anniversary,fet-1176,fet,3.0,-54.0,-66.446,-12.446,0.0
1176ae,UAD,UREI 1176AE anniversary,fet-1176,fet,3.0,-6.0,-28.226,-22.226,9.78
1176ae,UAD,UREI 1176AE anniversary,fet-1176,fet,3.0,-9.0,-28.698,-19.698,7.252
1176ae,UAD,UREI 1176AE anniversary,fet-1176,fet,3.0,0.0,-27.355,-27.355,14.909
1176ae,UAD,UREI 1176AE anniversary,fet-1176,fet,6.0,-12.0,-28.959,-16.959,5.998
1176ae,UAD,UREI 1176AE anniversary,fet-1176,fet,6.0,-15.0,-29.583,-14.583,3.622
1176ae,UAD,UREI 1176AE anniversary,fet-1176,fet,6.0,-18.0,-30.401,-12.401,1.44
1176ae,UAD,UREI 1176AE anniversary,fet-1176,fet,6.0,-21.0,-31.987,-10.987,0.026
1176ae,UAD,UREI 1176AE anniversary,fet-1176,fet,6.0,-24.0,-34.979,-10.979,0.018
1176ae,UAD,UREI 1176AE anniversary,fet-1176,fet,6.0,-27.0,-37.973,-10.973,0.012
1176ae,UAD,UREI 1176AE anniversary,fet-1176,fet,6.0,-3.0,-27.555,-24.555,13.594
1176ae,UAD,UREI 1176AE anniversary,fet-1176,fet,6.0,-30.0,-40.969,-10.969,0.008
1176ae,UAD,UREI 1176AE anniversary,fet-1176,fet,6.0,-36.0,-46.965,-10.965,0.004
1176ae,UAD,UREI 1176AE anniversary,fet-1176,fet,6.0,-42.0,-52.962,-10.962,0.001
1176ae,UAD,UREI 1176AE anniversary,fet-1176,fet,6.0,-48.0,-58.961,-10.961,0.0
1176ae,UAD,UREI 1176AE anniversary,fet-1176,fet,6.0,-54.0,-64.961,-10.961,0.0
1176ae,UAD,UREI 1176AE anniversary,fet-1176,fet,6.0,-6.0,-27.995,-21.995,11.034
1176ae,UAD,UREI 1176AE anniversary,fet-1176,fet,6.0,-9.0,-28.46,-19.46,8.499
1176ae,UAD,UREI 1176AE anniversary,fet-1176,fet,6.0,0.0,-27.121,-27.121,16.16
1176ln,UAD,UREI 1176LN Rev E,fet-1176,fet,10.0,-12.0,-20.259,-8.259,10.698
1176ln,UAD,UREI 1176LN Rev E,fet-1176,fet,10.0,-15.0,-20.8,-5.8,8.239
1176ln,UAD,UREI 1176LN Rev E,fet-1176,fet,10.0,-18.0,-21.409,-3.409,5.848
1176ln,UAD,UREI 1176LN Rev E,fet-1176,fet,10.0,-21.0,-22.122,-1.122,3.561
1176ln,UAD,UREI 1176LN Rev E,fet-1176,fet,10.0,-24.0,-23.073,0.927,1.512
1176ln,UAD,UREI 1176LN Rev E,fet-1176,fet,10.0,-27.0,-24.595,2.405,0.034
1176ln,UAD,UREI 1176LN Rev E,fet-1176,fet,10.0,-3.0,-18.698,-15.698,18.137
1176ln,UAD,UREI 1176LN Rev E,fet-1176,fet,10.0,-30.0,-27.563,2.437,0.002
1176ln,UAD,UREI 1176LN Rev E,fet-1176,fet,10.0,-36.0,-33.562,2.438,0.001
1176ln,UAD,UREI 1176LN Rev E,fet-1176,fet,10.0,-42.0,-39.561,2.439,0.0
1176ln,UAD,UREI 1176LN Rev E,fet-1176,fet,10.0,-48.0,-45.561,2.439,0.0
1176ln,UAD,UREI 1176LN Rev E,fet-1176,fet,10.0,-54.0,-51.561,2.439,0.0
1176ln,UAD,UREI 1176LN Rev E,fet-1176,fet,10.0,-6.0,-19.218,-13.218,15.657
1176ln,UAD,UREI 1176LN Rev E,fet-1176,fet,10.0,-9.0,-19.721,-10.721,13.16
1176ln,UAD,UREI 1176LN Rev E,fet-1176,fet,10.0,0.0,-18.156,-18.156,20.595
1176ln,UAD,UREI 1176LN Rev E,fet-1176,fet,15.0,-12.0,-19.248,-7.248,15.515
1176ln,UAD,UREI 1176LN Rev E,fet-1176,fet,15.0,-15.0,-19.756,-4.756,13.023
1176ln,UAD,UREI 1176LN Rev E,fet-1176,fet,15.0,-18.0,-20.288,-2.288,10.555
1176ln,UAD,UREI 1176LN Rev E,fet-1176,fet,15.0,-21.0,-20.833,0.167,8.1
1176ln,UAD,UREI 1176LN Rev E,fet-1176,fet,15.0,-24.0,-21.446,2.554,5.713
1176ln,UAD,UREI 1176LN Rev E,fet-1176,fet,15.0,-27.0,-22.167,4.833,3.434
1176ln,UAD,UREI 1176LN Rev E,fet-1176,fet,15.0,-3.0,-17.692,-14.692,22.959
1176ln,UAD,UREI 1176LN Rev E,fet-1176,fet,15.0,-30.0,-23.138,6.862,1.405
1176ln,UAD,UREI 1176LN Rev E,fet-1176,fet,15.0,-36.0,-27.734,8.266,0.001
1176ln,UAD,UREI 1176LN Rev E,fet-1176,fet,15.0,-42.0,-33.733,8.267,0.0
1176ln,UAD,UREI 1176LN Rev E,fet-1176,fet,15.0,-48.0,-39.733,8.267,0.0
1176ln,UAD,UREI 1176LN Rev E,fet-1176,fet,15.0,-54.0,-45.733,8.267,0.0
1176ln,UAD,UREI 1176LN Rev E,fet-1176,fet,15.0,-6.0,-18.192,-12.192,20.459
1176ln,UAD,UREI 1176LN Rev E,fet-1176,fet,15.0,-9.0,-18.727,-9.727,17.994
1176ln,UAD,UREI 1176LN Rev E,fet-1176,fet,15.0,0.0,-17.177,-17.177,25.444
1176ln,UAD,UREI 1176LN Rev E,fet-1176,fet,3.0,-12.0,-22.322,-10.322,3.025
1176ln,UAD,UREI 1176LN Rev E,fet-1176,fet,3.0,-15.0,-23.362,-8.362,1.065
1176ln,UAD,UREI 1176LN Rev E,fet-1176,fet,3.0,-18.0,-25.299,-7.299,0.002
1176ln,UAD,UREI 1176LN Rev E,fet-1176,fet,3.0,-21.0,-28.298,-7.298,0.001
1176ln,UAD,UREI 1176LN Rev E,fet-1176,fet,3.0,-24.0,-31.297,-7.297,0.0
1176ln,UAD,UREI 1176LN Rev E,fet-1176,fet,3.0,-27.0,-34.297,-7.297,0.0
1176ln,UAD,UREI 1176LN Rev E,fet-1176,fet,3.0,-3.0,-20.377,-17.377,10.08
1176ln,UAD,UREI 1176LN Rev E,fet-1176,fet,3.0,-30.0,-37.297,-7.297,0.0
1176ln,UAD,UREI 1176LN Rev E,fet-1176,fet,3.0,-36.0,-43.297,-7.297,0.0
1176ln,UAD,UREI 1176LN Rev E,fet-1176,fet,3.0,-42.0,-49.297,-7.297,0.0
1176ln,UAD,UREI 1176LN Rev E,fet-1176,fet,3.0,-48.0,-55.297,-7.297,0.0
1176ln,UAD,UREI 1176LN Rev E,fet-1176,fet,3.0,-54.0,-61.297,-7.297,0.0
1176ln,UAD,UREI 1176LN Rev E,fet-1176,fet,3.0,-6.0,-20.942,-14.942,7.645
1176ln,UAD,UREI 1176LN Rev E,fet-1176,fet,3.0,-9.0,-21.572,-12.572,5.275
1176ln,UAD,UREI 1176LN Rev E,fet-1176,fet,3.0,0.0,-19.864,-19.864,12.567
1176ln,UAD,UREI 1176LN Rev E,fet-1176,fet,6.0,-12.0,-21.269,-9.269,6.363
1176ln,UAD,UREI 1176LN Rev E,fet-1176,fet,6.0,-15.0,-21.954,-6.954,4.048
1176ln,UAD,UREI 1176LN Rev E,fet-1176,fet,6.0,-18.0,-22.836,-4.836,1.93
1176ln,UAD,UREI 1176LN Rev E,fet-1176,fet,6.0,-21.0,-24.147,-3.147,0.241
1176ln,UAD,UREI 1176LN Rev E,fet-1176,fet,6.0,-24.0,-26.908,-2.908,0.002
1176ln,UAD,UREI 1176LN Rev E,fet-1176,fet,6.0,-27.0,-29.907,-2.907,0.001
1176ln,UAD,UREI 1176LN Rev E,fet-1176,fet,6.0,-3.0,-19.613,-16.613,13.707
1176ln,UAD,UREI 1176LN Rev E,fet-1176,fet,6.0,-30.0,-32.907,-2.907,0.001
1176ln,UAD,UREI 1176LN Rev E,fet-1176,fet,6.0,-36.0,-38.906,-2.906,0.0
1176ln,UAD,UREI 1176LN Rev E,fet-1176,fet,6.0,-42.0,-44.906,-2.906,0.0
1176ln,UAD,UREI 1176LN Rev E,fet-1176,fet,6.0,-48.0,-50.906,-2.906,0.0
1176ln,UAD,UREI 1176LN Rev E,fet-1176,fet,6.0,-54.0,-56.906,-2.906,0.0
1176ln,UAD,UREI 1176LN Rev E,fet-1176,fet,6.0,-6.0,-20.146,-14.146,11.24
1176ln,UAD,UREI 1176LN Rev E,fet-1176,fet,6.0,-9.0,-20.677,-11.677,8.771
1176ln,UAD,UREI 1176LN Rev E,fet-1176,fet,6.0,0.0,-19.102,-19.102,16.196
dbx160,UAD,dbx 160 VU,vca-dbx160,vca,10.0,-12.0,-24.701,-12.701,9.742
dbx160,UAD,dbx 160 VU,vca-dbx160,vca,10.0,-15.0,-25.449,-10.449,7.49
dbx160,UAD,dbx 160 VU,vca-dbx160,vca,10.0,-18.0,-26.172,-8.172,5.213
dbx160,UAD,dbx 160 VU,vca-dbx160,vca,10.0,-21.0,-26.869,-5.869,2.91
dbx160,UAD,dbx 160 VU,vca-dbx160,vca,10.0,-24.0,-27.537,-3.537,0.578
dbx160,UAD,dbx 160 VU,vca-dbx160,vca,10.0,-27.0,-29.959,-2.959,0.0
dbx160,UAD,dbx 160 VU,vca-dbx160,vca,10.0,-3.0,-22.391,-19.391,16.432
dbx160,UAD,dbx 160 VU,vca-dbx160,vca,10.0,-30.0,-32.959,-2.959,0.0
dbx160,UAD,dbx 160 VU,vca-dbx160,vca,10.0,-36.0,-38.959,-2.959,0.0
dbx160,UAD,dbx 160 VU,vca-dbx160,vca,10.0,-42.0,-44.959,-2.959,0.0
dbx160,UAD,dbx 160 VU,vca-dbx160,vca,10.0,-48.0,-50.959,-2.959,0.0
dbx160,UAD,dbx 160 VU,vca-dbx160,vca,10.0,-54.0,-56.959,-2.959,0.0
dbx160,UAD,dbx 160 VU,vca-dbx160,vca,10.0,-6.0,-23.162,-17.162,14.203
dbx160,UAD,dbx 160 VU,vca-dbx160,vca,10.0,-9.0,-23.935,-14.935,11.976
dbx160,UAD,dbx 160 VU,vca-dbx160,vca,10.0,0.0,-21.641,-21.641,18.682
dbx160,UAD,dbx 160 VU,vca-dbx160,vca,15.0,-12.0,-28.419,-16.419,13.46
dbx160,UAD,dbx 160 VU,vca-dbx160,vca,15.0,-15.0,-29.18,-14.18,11.221
dbx160,UAD,dbx 160 VU,vca-dbx160,vca,15.0,-18.0,-29.914,-11.914,8.955
dbx160,UAD,dbx 160 VU,vca-dbx160,vca,15.0,-21.0,-30.618,-9.618,6.659
dbx160,UAD,dbx 160 VU,vca-dbx160,vca,15.0,-24.0,-31.292,-7.292,4.333
dbx160,UAD,dbx 160 VU,vca-dbx160,vca,15.0,-27.0,-31.941,-4.941,1.982
dbx160,UAD,dbx 160 VU,vca-dbx160,vca,15.0,-3.0,-26.043,-23.043,20.084
dbx160,UAD,dbx 160 VU,vca-dbx160,vca,15.0,-30.0,-32.959,-2.959,0.0
dbx160,UAD,dbx 160 VU,vca-dbx160,vca,15.0,-36.0,-38.959,-2.959,0.0
dbx160,UAD,dbx 160 VU,vca-dbx160,vca,15.0,-42.0,-44.959,-2.959,0.0
dbx160,UAD,dbx 160 VU,vca-dbx160,vca,15.0,-48.0,-50.959,-2.959,0.0
dbx160,UAD,dbx 160 VU,vca-dbx160,vca,15.0,-54.0,-56.959,-2.959,0.0
dbx160,UAD,dbx 160 VU,vca-dbx160,vca,15.0,-6.0,-26.841,-20.841,17.882
dbx160,UAD,dbx 160 VU,vca-dbx160,vca,15.0,-9.0,-27.636,-18.636,15.677
dbx160,UAD,dbx 160 VU,vca-dbx160,vca,15.0,0.0,-25.256,-25.256,22.297
dbx160,UAD,dbx 160 VU,vca-dbx160,vca,3.0,-12.0,-17.211,-5.211,2.252
dbx160,UAD,dbx 160 VU,vca-dbx160,vca,3.0,-15.0,-17.959,-2.959,0.0
dbx160,UAD,dbx 160 VU,vca-dbx160,vca,3.0,-18.0,-20.959,-2.959,0.0
dbx160,UAD,dbx 160 VU,vca-dbx160,vca,3.0,-21.0,-23.959,-2.959,0.0
dbx160,UAD,dbx 160 VU,vca-dbx160,vca,3.0,-24.0,-26.959,-2.959,0.0
dbx160,UAD,dbx 160 VU,vca-dbx160,vca,3.0,-27.0,-29.959,-2.959,0.0
dbx160,UAD,dbx 160 VU,vca-dbx160,vca,3.0,-3.0,-14.975,-11.975,9.016
dbx160,UAD,dbx 160 VU,vca-dbx160,vca,3.0,-30.0,-32.959,-2.959,0.0
dbx160,UAD,dbx 160 VU,vca-dbx160,vca,3.0,-36.0,-38.959,-2.959,0.0
dbx160,UAD,dbx 160 VU,vca-dbx160,vca,3.0,-42.0,-44.959,-2.959,0.0
dbx160,UAD,dbx 160 VU,vca-dbx160,vca,3.0,-48.0,-50.959,-2.959,0.0
dbx160,UAD,dbx 160 VU,vca-dbx160,vca,3.0,-54.0,-56.959,-2.959,0.0
dbx160,UAD,dbx 160 VU,vca-dbx160,vca,3.0,-6.0,-15.714,-9.714,6.755
dbx160,UAD,dbx 160 VU,vca-dbx160,vca,3.0,-9.0,-16.464,-7.464,4.505
dbx160,UAD,dbx 160 VU,vca-dbx160,vca,3.0,0.0,-14.265,-14.265,11.306
dbx160,UAD,dbx 160 VU,vca-dbx160,vca,6.0,-12.0,-20.963,-8.963,6.004
dbx160,UAD,dbx 160 VU,vca-dbx160,vca,6.0,-15.0,-21.702,-6.702,3.743
dbx160,UAD,dbx 160 VU,vca-dbx160,vca,6.0,-18.0,-22.419,-4.419,1.46
dbx160,UAD,dbx 160 VU,vca-dbx160,vca,6.0,-21.0,-23.959,-2.959,0.0
dbx160,UAD,dbx 160 VU,vca-dbx160,vca,6.0,-24.0,-26.959,-2.959,0.0
dbx160,UAD,dbx 160 VU,vca-dbx160,vca,6.0,-27.0,-29.959,-2.959,0.0
dbx160,UAD,dbx 160 VU,vca-dbx160,vca,6.0,-3.0,-18.697,-15.697,12.738
dbx160,UAD,dbx 160 VU,vca-dbx160,vca,6.0,-30.0,-32.959,-2.959,0.0
dbx160,UAD,dbx 160 VU,vca-dbx160,vca,6.0,-36.0,-38.959,-2.959,0.0
dbx160,UAD,dbx 160 VU,vca-dbx160,vca,6.0,-42.0,-44.959,-2.959,0.0
dbx160,UAD,dbx 160 VU,vca-dbx160,vca,6.0,-48.0,-50.959,-2.959,0.0
dbx160,UAD,dbx 160 VU,vca-dbx160,vca,6.0,-54.0,-56.959,-2.959,0.0
dbx160,UAD,dbx 160 VU,vca-dbx160,vca,6.0,-6.0,-19.449,-13.449,10.49
dbx160,UAD,dbx 160 VU,vca-dbx160,vca,6.0,-9.0,-20.208,-11.208,8.249
dbx160,UAD,dbx 160 VU,vca-dbx160,vca,6.0,0.0,-17.971,-17.971,15.012
vc76,Softube,UREI 1176,fet-1176,fet,10.0,-12.0,-29.155,-17.155,9.201
vc76,Softube,UREI 1176,fet-1176,fet,10.0,-15.0,-29.706,-14.706,6.752
vc76,Softube,UREI 1176,fet-1176,fet,10.0,-18.0,-30.299,-12.299,4.345
vc76,Softube,UREI 1176,fet-1176,fet,10.0,-21.0,-31.008,-10.008,2.054
vc76,Softube,UREI 1176,fet-1176,fet,10.0,-24.0,-32.386,-8.386,0.432
vc76,Softube,UREI 1176,fet-1176,fet,10.0,-27.0,-35.035,-8.035,0.081
vc76,Softube,UREI 1176,fet-1176,fet,10.0,-3.0,-27.565,-24.565,16.611
vc76,Softube,UREI 1176,fet-1176,fet,10.0,-30.0,-38.032,-8.032,0.078
vc76,Softube,UREI 1176,fet-1176,fet,10.0,-36.0,-44.03,-8.03,0.076
vc76,Softube,UREI 1176,fet-1176,fet,10.0,-42.0,-50.027,-8.027,0.073
vc76,Softube,UREI 1176,fet-1176,fet,10.0,-48.0,-55.972,-7.972,0.018
vc76,Softube,UREI 1176,fet-1176,fet,10.0,-54.0,-61.954,-7.954,0.0
vc76,Softube,UREI 1176,fet-1176,fet,10.0,-6.0,-28.102,-22.102,14.148
vc76,Softube,UREI 1176,fet-1176,fet,10.0,-9.0,-28.619,-19.619,11.665
vc76,Softube,UREI 1176,fet-1176,fet,10.0,0.0,-27.014,-27.014,19.06
vc76,Softube,UREI 1176,fet-1176,fet,15.0,-12.0,-27.456,-15.456,17.061
vc76,Softube,UREI 1176,fet-1176,fet,15.0,-15.0,-27.995,-12.995,14.6
vc76,Softube,UREI 1176,fet-1176,fet,15.0,-18.0,-28.52,-10.52,12.125
vc76,Softube,UREI 1176,fet-1176,fet,15.0,-21.0,-29.045,-8.045,9.65
vc76,Softube,UREI 1176,fet-1176,fet,15.0,-24.0,-29.597,-5.597,7.202
vc76,Softube,UREI 1176,fet-1176,fet,15.0,-27.0,-30.177,-3.177,4.782
vc76,Softube,UREI 1176,fet-1176,fet,15.0,-3.0,-25.748,-22.748,24.353
vc76,Softube,UREI 1176,fet-1176,fet,15.0,-30.0,-30.836,-0.836,2.441
vc76,Softube,UREI 1176,fet-1176,fet,15.0,-36.0,-34.436,1.564,0.041
vc76,Softube,UREI 1176,fet-1176,fet,15.0,-42.0,-40.431,1.569,0.036
vc76,Softube,UREI 1176,fet-1176,fet,15.0,-48.0,-46.43,1.57,0.035
vc76,Softube,UREI 1176,fet-1176,fet,15.0,-54.0,-52.395,1.605,0.0
vc76,Softube,UREI 1176,fet-1176,fet,15.0,-6.0,-26.334,-20.334,21.939
vc76,Softube,UREI 1176,fet-1176,fet,15.0,-9.0,-26.902,-17.902,19.507
vc76,Softube,UREI 1176,fet-1176,fet,15.0,0.0,-25.152,-25.152,26.757
vc76,Softube,UREI 1176,fet-1176,fet,3.0,-12.0,-31.196,-19.196,1.682
vc76,Softube,UREI 1176,fet-1176,fet,3.0,-15.0,-32.846,-17.846,0.332
vc76,Softube,UREI 1176,fet-1176,fet,3.0,-18.0,-35.635,-17.635,0.121
vc76,Softube,UREI 1176,fet-1176,fet,3.0,-21.0,-38.632,-17.632,0.118
vc76,Softube,UREI 1176,fet-1176,fet,3.0,-24.0,-41.631,-17.631,0.117
vc76,Softube,UREI 1176,fet-1176,fet,3.0,-27.0,-44.63,-17.63,0.116
vc76,Softube,UREI 1176,fet-1176,fet,3.0,-3.0,-29.264,-26.264,8.75
vc76,Softube,UREI 1176,fet-1176,fet,3.0,-30.0,-47.63,-17.63,0.116
vc76,Softube,UREI 1176,fet-1176,fet,3.0,-36.0,-53.579,-17.579,0.065
vc76,Softube,UREI 1176,fet-1176,fet,3.0,-42.0,-59.561,-17.561,0.047
vc76,Softube,UREI 1176,fet-1176,fet,3.0,-48.0,-65.545,-17.545,0.031
vc76,Softube,UREI 1176,fet-1176,fet,3.0,-54.0,-71.514,-17.514,0.0
vc76,Softube,UREI 1176,fet-1176,fet,3.0,-6.0,-29.815,-23.815,6.301
vc76,Softube,UREI 1176,fet-1176,fet,3.0,-9.0,-30.427,-21.427,3.913
vc76,Softube,UREI 1176,fet-1176,fet,3.0,0.0,-28.725,-28.725,11.211
vc76,Softube,UREI 1176,fet-1176,fet,6.0,-12.0,-30.053,-18.053,5.312
vc76,Softube,UREI 1176,fet-1176,fet,6.0,-15.0,-30.694,-15.694,2.953
vc76,Softube,UREI 1176,fet-1176,fet,6.0,-18.0,-31.645,-13.645,0.904
vc76,Softube,UREI 1176,fet-1176,fet,6.0,-21.0,-33.857,-12.857,0.116
vc76,Softube,UREI 1176,fet-1176,fet,6.0,-24.0,-36.833,-12.833,0.092
vc76,Softube,UREI 1176,fet-1176,fet,6.0,-27.0,-39.831,-12.831,0.09
vc76,Softube,UREI 1176,fet-1176,fet,6.0,-3.0,-28.415,-25.415,12.674
vc76,Softube,UREI 1176,fet-1176,fet,6.0,-30.0,-42.83,-12.83,0.089
vc76,Softube,UREI 1176,fet-1176,fet,6.0,-36.0,-48.829,-12.829,0.088
vc76,Softube,UREI 1176,fet-1176,fet,6.0,-42.0,-54.775,-12.775,0.034
vc76,Softube,UREI 1176,fet-1176,fet,6.0,-48.0,-60.757,-12.757,0.016
vc76,Softube,UREI 1176,fet-1176,fet,6.0,-54.0,-66.741,-12.741,0.0
vc76,Softube,UREI 1176,fet-1176,fet,6.0,-6.0,-28.936,-22.936,10.195
vc76,Softube,UREI 1176,fet-1176,fet,6.0,-9.0,-29.484,-20.484,7.743
vc76,Softube,UREI 1176,fet-1176,fet,6.0,0.0,-27.889,-27.889,15.148
