slug,maker,models,family,group,state,condition,rms_dbfs,peak_dbfs,a_weighted_dbfs,noise_added_db,controls,loudest_tone_hz,loudest_tone_dbfs
api2500,Waves,API 2500,comp,vca-api,off,silence,-200.0,-200.0,-200.0,91.14,analog=On ,,
api2500,Waves,API 2500,comp,vca-api,off,under_tone_-12,-124.15,-97.72,-143.41,23.82,analog=On ,1007.6,-161.69
api2500,Waves,API 2500,comp,vca-api,on,silence,-108.86,-101.09,-109.22,91.14,analog=On ,,
api2500,Waves,API 2500,comp,vca-api,on,under_tone_-12,-100.33,-91.1,-109.29,23.82,analog=On ,,
api550a,Waves,API 550A,eq,eq-api,off,silence,-200.0,-200.0,-200.0,88.02,analog=On ,,
api550a,Waves,API 550A,eq,eq-api,off,under_tone_-12,-178.96,-174.1,-187.06,83.71,analog=On ,20998.4,-200.0
api550a,Waves,API 550A,eq,eq-api,on,silence,-111.98,-102.14,-112.3,88.02,analog=On ,,
api550a,Waves,API 550A,eq,eq-api,on,under_tone_-12,-95.25,-92.09,-112.35,83.71,analog=On ,,
api550b,Waves,API 550B,eq,eq-api,off,silence,-200.0,-200.0,-200.0,88.33,analog=On ,,
api550b,Waves,API 550B,eq,eq-api,off,under_tone_-12,-178.72,-172.76,-186.87,83.42,analog=On ,20998.4,-200.0
api550b,Waves,API 550B,eq,eq-api,on,silence,-111.67,-102.54,-112.19,88.33,analog=On ,,
api550b,Waves,API 550B,eq,eq-api,on,under_tone_-12,-95.3,-92.16,-112.28,83.42,analog=On ,,
aw_ironoxide5,Airwindows,tape,tape,aw-tape,off,silence,-155.03,-143.47,-154.01,0.03,noise=0.001,,
aw_ironoxide5,Airwindows,tape,tape,aw-tape,off,under_tone_-12,-39.85,-28.76,-37.56,-1.08,noise=0.001,973.6,-54.93
aw_ironoxide5,Airwindows,tape,tape,aw-tape,on,silence,-155.0,-143.27,-154.0,0.03,noise=0.001,,
aw_ironoxide5,Airwindows,tape,tape,aw-tape,on,under_tone_-12,-40.93,-29.21,-38.85,-1.08,noise=0.001,988.8,-53.29
cla3a,Waves,UREI LA-3A,comp,opto-la2a,off,silence,-193.42,-185.09,-194.21,105.74,analog=50Hz ,,
cla3a,Waves,UREI LA-3A,comp,opto-la2a,off,under_tone_-12,-101.86,-75.49,-121.13,14.33,analog=50Hz ,22999.7,-180.77
cla3a,Waves,UREI LA-3A,comp,opto-la2a,on,silence,-87.68,-76.21,-89.45,105.74,analog=50Hz ,49.8,-100.97
cla3a,Waves,UREI LA-3A,comp,opto-la2a,on,under_tone_-12,-87.53,-71.77,-89.54,14.33,analog=50Hz ,49.8,-101.5
h_comp,Waves,"hybrid, analogue-modelled",comp,digital,off,silence,-200.0,-200.0,-200.0,97.97,analog=Mod1 ,,
h_comp,Waves,"hybrid, analogue-modelled",comp,digital,off,under_tone_-12,-160.71,-113.82,-183.4,83.42,analog=Mod1 ,989.1,-200.0
h_comp,Waves,"hybrid, analogue-modelled",comp,digital,on,silence,-102.03,-89.64,-107.36,97.97,analog=Mod1 ,57.5,-122.21
h_comp,Waves,"hybrid, analogue-modelled",comp,digital,on,under_tone_-12,-77.29,-75.5,-107.38,83.42,analog=Mod1 ,25.6,-124.02
little_radiator,Soundtoys,Altec 1566A tube stage,colour,preamp-tube,off,silence,-122.61,-104.24,-200.0,46.84,noise=True,20.1,-200.0
little_radiator,Soundtoys,Altec 1566A tube stage,colour,preamp-tube,off,under_tone_-12,-70.82,-52.12,-123.43,1.01,noise=True,20999.6,-147.52
little_radiator,Soundtoys,Altec 1566A tube stage,colour,preamp-tube,on,silence,-75.77,-66.41,-75.84,46.84,noise=True,,
little_radiator,Soundtoys,Altec 1566A tube stage,colour,preamp-tube,on,under_tone_-12,-69.81,-51.41,-76.84,1.01,noise=True,,
nls_mike,Waves,SSL 4000 G+ console channel,colour,console-ssl,off,silence,-200.0,-200.0,-200.0,0.0,noise=On ,,
nls_mike,Waves,SSL 4000 G+ console channel,colour,console-ssl,off,under_tone_-12,-77.39,-64.61,-125.4,0.0,noise=On ,23000.1,-118.53
nls_mike,Waves,SSL 4000 G+ console channel,colour,console-ssl,on,silence,-200.0,-200.0,-200.0,0.0,noise=On ,,
nls_mike,Waves,SSL 4000 G+ console channel,colour,console-ssl,on,under_tone_-12,-77.39,-64.61,-125.4,0.0,noise=On ,23000.1,-118.53
nls_nevo,Waves,Neve 5116 console channel,colour,console-neve,off,silence,-200.0,-200.0,-200.0,0.0,noise=On ,,
nls_nevo,Waves,Neve 5116 console channel,colour,console-neve,off,under_tone_-12,-114.81,-66.11,-157.13,0.0,noise=On ,991.9,-177.08
nls_nevo,Waves,Neve 5116 console channel,colour,console-neve,on,silence,-200.0,-200.0,-200.0,0.0,noise=On ,,
nls_nevo,Waves,Neve 5116 console channel,colour,console-neve,on,under_tone_-12,-114.81,-66.11,-157.13,0.0,noise=On ,991.9,-177.08
nls_spike,Waves,EMI TG12345 console channel,colour,console-emi,off,silence,-200.0,-200.0,-200.0,0.0,noise=On ,,
nls_spike,Waves,EMI TG12345 console channel,colour,console-emi,off,under_tone_-12,-82.84,-65.66,-153.87,0.0,noise=On ,6007.7,-180.19
nls_spike,Waves,EMI TG12345 console channel,colour,console-emi,on,silence,-200.0,-200.0,-200.0,0.0,noise=On ,,
nls_spike,Waves,EMI TG12345 console channel,colour,console-emi,on,under_tone_-12,-82.84,-65.66,-153.87,0.0,noise=On ,6007.7,-180.19
nlsbuss_mike,Waves,SSL 4000 G+ console buss,colour,console-ssl,off,silence,-200.0,-200.0,-200.0,98.79,noise=On ,,
nlsbuss_mike,Waves,SSL 4000 G+ console buss,colour,console-ssl,off,under_tone_-12,-118.72,-66.14,-136.18,17.59,noise=On ,20999.6,-148.06
nlsbuss_mike,Waves,SSL 4000 G+ console buss,colour,console-ssl,on,silence,-101.21,-89.58,-103.49,98.79,noise=On ,20.7,-119.31
nlsbuss_mike,Waves,SSL 4000 G+ console buss,colour,console-ssl,on,under_tone_-12,-101.13,-66.31,-103.57,17.59,noise=On ,20.7,-118.63
nlsbuss_nevo,Waves,Neve 5116 console buss,colour,console-neve,off,silence,-200.0,-200.0,-200.0,88.77,noise=On ,,
nlsbuss_nevo,Waves,Neve 5116 console buss,colour,console-neve,off,under_tone_-12,-92.89,-65.93,-138.19,0.06,noise=On ,1007.6,-161.17
nlsbuss_nevo,Waves,Neve 5116 console buss,colour,console-neve,on,silence,-111.23,-99.71,-114.95,88.77,noise=On ,,
nlsbuss_nevo,Waves,Neve 5116 console buss,colour,console-neve,on,under_tone_-12,-92.83,-65.88,-114.96,0.06,noise=On ,,
nlsbuss_spike,Waves,EMI TG12345 console buss,colour,console-emi,off,silence,-200.0,-200.0,-200.0,92.12,noise=On ,,
nlsbuss_spike,Waves,EMI TG12345 console buss,colour,console-emi,off,under_tone_-12,-54.55,-52.54,-136.72,0.0,noise=On ,22000.1,-135.67
nlsbuss_spike,Waves,EMI TG12345 console buss,colour,console-emi,on,silence,-107.88,-96.0,-110.96,92.12,noise=On ,,
nlsbuss_spike,Waves,EMI TG12345 console buss,colour,console-emi,on,under_tone_-12,-54.55,-52.54,-110.98,0.0,noise=On ,26.6,-127.6
puigtec_eqp1a,Waves,Pultec EQP-1A,eq,eq-pultec,off,silence,-200.0,-200.0,-200.0,107.4,mains=60Hz ,,
puigtec_eqp1a,Waves,Pultec EQP-1A,eq,eq-pultec,off,under_tone_-12,-66.63,-52.44,-132.97,0.01,mains=60Hz ,20999.6,-144.81
puigtec_eqp1a,Waves,Pultec EQP-1A,eq,eq-pultec,on,silence,-92.6,-84.5,-103.39,107.4,mains=60Hz ,59.5,-107.11
puigtec_eqp1a,Waves,Pultec EQP-1A,eq,eq-pultec,on,under_tone_-12,-66.62,-52.3,-103.58,0.01,mains=60Hz ,59.3,-112.02
puigtec_meq5,Waves,Pultec MEQ-5 midrange,eq,eq-pultec,off,silence,-200.0,-200.0,-200.0,107.38,mains=60Hz ,,
puigtec_meq5,Waves,Pultec MEQ-5 midrange,eq,eq-pultec,off,under_tone_-12,-68.42,-52.88,-134.22,0.02,mains=60Hz ,20999.6,-146.13
puigtec_meq5,Waves,Pultec MEQ-5 midrange,eq,eq-pultec,on,silence,-92.62,-84.35,-103.41,107.38,mains=60Hz ,59.5,-107.79
puigtec_meq5,Waves,Pultec MEQ-5 midrange,eq,eq-pultec,on,under_tone_-12,-68.4,-52.8,-103.54,0.02,mains=60Hz ,59.3,-111.93
ssl_ev2,Waves,SSL 4000 E console channel,colour,console-ssl,off,silence,-200.0,-200.0,-200.0,0.0,analog=On ,,
ssl_ev2,Waves,SSL 4000 E console channel,colour,console-ssl,off,under_tone_-12,-120.64,-75.82,-173.04,64.81,analog=On ,20999.6,-195.03
ssl_ev2,Waves,SSL 4000 E console channel,colour,console-ssl,on,silence,-200.0,-200.0,-200.0,0.0,analog=On ,,
ssl_ev2,Waves,SSL 4000 E console channel,colour,console-ssl,on,under_tone_-12,-55.83,-55.01,-131.13,64.81,analog=On ,23999.6,-145.86
studer_a800,UAD,Studer A800 multitrack,tape,tape-machine,off,silence,-200.0,-200.0,-200.0,93.68,hiss_noise=-25.0 hum_noise=-25.0 noise=True,,
studer_a800,UAD,Studer A800 multitrack,tape,tape-machine,off,under_tone_-12,-105.02,-64.35,-117.5,2.36,hiss_noise=-25.0 hum_noise=-25.0 noise=True,20999.6,-128.18
studer_a800,UAD,Studer A800 multitrack,tape,tape-machine,on,silence,-106.32,-94.68,-111.63,93.68,hiss_noise=-25.0 hum_noise=-25.0 noise=True,59.7,-119.45
studer_a800,UAD,Studer A800 multitrack,tape,tape-machine,on,under_tone_-12,-102.66,-64.48,-110.66,2.36,hiss_noise=-25.0 hum_noise=-25.0 noise=True,59.7,-119.61
veq4,Waves,Neve 1081 EQ,eq,eq-neve,off,silence,-200.0,-200.0,-200.0,99.05,analog=In ,,
veq4,Waves,Neve 1081 EQ,eq,eq-neve,off,under_tone_-12,-108.01,-108.01,-185.11,7.77,analog=In ,20999.6,-197.09
veq4,Waves,Neve 1081 EQ,eq,eq-neve,on,silence,-100.95,-91.27,-101.13,99.05,analog=In ,,
veq4,Waves,Neve 1081 EQ,eq,eq-neve,on,under_tone_-12,-100.24,-90.2,-101.2,7.77,analog=In ,,
